SET FOREIGN_KEY_CHECKS = 0;
TRUNCATE TABLE box;
INSERT INTO `box` (`id`, `created_at`) VALUES
(2, '2018-10-18 08:00:38'),
(3, '2018-10-19 13:27:32'),
(4, '2018-10-20 18:23:41'),
(5, '2018-10-21 17:49:14'),
(6, '2018-10-22 07:23:47'),
(7, '2018-10-23 18:13:34'),
(8, '2018-10-24 18:18:21'),
(9, '2018-10-25 18:21:17'),
(10, '2018-10-26 18:24:26'),
(11, '2018-10-27 18:31:01'),
(12, '2018-10-28 14:44:32'),
(13, '2018-10-29 17:55:21'),
(14, '2018-10-30 18:09:13'),
(15, '2018-10-31 17:47:57'),
(16, '2018-11-01 18:00:07'),
(17, '2018-11-02 17:46:00'),
(18, '2018-11-03 17:56:31'),
(19, '2018-11-04 17:13:14'),
(20, '2018-11-06 18:13:26'),
(21, '2018-11-07 17:57:32'),
(22, '2018-11-08 17:59:24'),
(23, '2018-11-09 18:15:44'),
(24, '2018-11-10 18:00:25'),
(25, '2018-11-11 17:00:56'),
(26, '2018-11-12 16:59:36'),
(27, '2018-11-13 17:54:53'),
(28, '2018-11-14 17:54:10'),
(29, '2018-11-15 17:57:43'),
(30, '2018-11-16 18:09:24'),
(31, '2018-11-17 17:56:02');

TRUNCATE TABLE `cambios`;
INSERT INTO `cambios` (`id`, `venta_in`, `venta_out`, `created_at`, `motivo`, `user_id`) VALUES
(2, 117, 116, '2018-11-06 05:35:42', 'Talla', 1);

TRUNCATE TABLE `category`;
INSERT INTO `category` (`id`, `image`, `name`, `description`, `created_at`) VALUES
(1, NULL, 'Short', '', '2018-10-15 03:16:26'),
(2, NULL, 'Falda', '', '2018-10-15 03:16:36'),
(3, NULL, 'Set', '', '2018-10-15 03:16:44'),
(4, NULL, 'Blusa', '', '2018-10-15 03:16:54'),
(5, NULL, 'Top', '', '2018-10-15 03:17:03'),
(6, NULL, 'Jean', '', '2018-10-15 03:17:14'),
(7, NULL, 'Falda short', '', '2018-10-15 03:17:27'),
(8, NULL, 'Enterito', '', '2018-10-15 03:17:37'),
(9, NULL, 'Bluson', '', '2018-10-15 08:19:29'),
(10, NULL, 'Vestido', '', '2018-10-15 08:22:53'),
(11, NULL, 'Camisa', '', '2018-10-15 08:23:02'),
(12, NULL, 'Jumpsuit', '', '2018-10-15 11:00:58'),
(13, NULL, 'Vestido short', '', '2018-10-15 11:01:11'),
(14, NULL, 'Pantalon', '', '2018-10-15 11:01:27'),
(15, NULL, 'Camiseta', '', '2018-10-15 14:13:43'),
(16, NULL, 'Plataforma', '', '2018-10-15 14:13:55'),
(17, NULL, 'Sandalia', '', '2018-10-15 14:14:05'),
(18, NULL, 'Aretes', '', '2018-10-18 09:21:25'),
(19, NULL, 'Mochilas', '', '2018-10-18 09:21:54'),
(20, NULL, 'Bolsos', '', '2018-10-18 09:22:06'),
(21, NULL, 'Pulseras', '', '2018-10-18 09:44:42'),
(22, NULL, 'Collares', '', '2018-10-20 13:07:44'),
(23, NULL, 'Kimonos', '', '2018-11-07 15:49:14'),
(24, NULL, 'Sombreros', '', '2018-11-11 12:38:26'),
(25, NULL, 'talego', '', '2018-11-12 10:20:47');

TRUNCATE TABLE `colores`;
INSERT INTO `colores` (`id`, `image`, `name`, `description`, `created_at`) VALUES
(1, NULL, 'Amarillo', '', '2018-10-15 05:32:11'),
(2, NULL, 'Azul', '', '2018-10-15 05:32:25'),
(3, NULL, 'Verde', '', '2018-10-15 05:32:34'),
(4, NULL, 'Crema', '', '2018-10-15 05:32:48'),
(5, NULL, 'Crudo', '', '2018-10-15 05:32:57'),
(6, NULL, 'Palo de rosa', '', '2018-10-15 05:33:07'),
(7, NULL, 'Blanco', '', '2018-10-15 05:33:19'),
(8, NULL, 'Azul baby', '', '2018-10-15 05:33:31'),
(9, NULL, 'Vinotinto', '', '2018-10-15 05:33:40'),
(10, NULL, 'Terracota', '', '2018-10-15 05:33:53'),
(11, NULL, 'Rojo', '', '2018-10-15 05:34:15'),
(12, NULL, 'Azul celeste', '', '2018-10-15 05:34:25'),
(13, NULL, 'Plata', '', '2018-10-15 05:34:46'),
(14, NULL, 'Denin oscuro', '', '2018-10-15 05:35:06'),
(15, NULL, 'Denin claro', '', '2018-10-15 05:35:16'),
(16, NULL, 'Negro', '', '2018-10-15 05:35:35'),
(17, NULL, 'Beige', '', '2018-10-15 05:36:05'),
(18, NULL, 'Gris', '', '2018-10-15 05:36:20'),
(19, NULL, 'Indigo', '', '2018-10-15 05:36:29'),
(20, NULL, 'Nude', '', '2018-10-15 05:36:52'),
(21, NULL, 'Azul rey', '', '2018-10-15 05:37:08'),
(22, NULL, 'Azul oscuro', '', '2018-10-15 05:37:20'),
(23, NULL, 'Dorado', '', '2018-10-15 05:38:58'),
(24, NULL, 'Rosa', '', '2018-10-15 13:10:12'),
(25, NULL, 'Azul claro', '', '2018-10-15 13:39:09'),
(26, NULL, 'Lila', '', '2018-10-18 08:39:03'),
(27, NULL, 'Arena', '', '2018-10-25 17:27:40'),
(28, NULL, 'Variado', '', '2018-11-07 15:26:01'),
(29, NULL, 'estampado', '', '2018-11-12 10:21:35');

TRUNCATE TABLE `configuration`;
INSERT INTO `configuration` (`id`, `short`, `name`, `kind`, `val`) VALUES
(1, 'title', 'Titulo del Sistema', 2, 'Sipuve'),
(2, 'use_image_product', 'Utilizar Imagenes en los productos', 1, '0'),
(3, 'active_clients', 'Activar clientes', 1, '0'),
(4, 'active_providers', 'Activar proveedores', 1, '0'),
(5, 'active_categories', 'Activar categorias', 1, '0'),
(6, 'active_reports_word', 'Activar reportes en Word', 1, '0'),
(7, 'active_reports_excel', 'Activar reportes en Excel', 3, '1'),
(8, 'active_reports_pdf', 'Activar reportes en PDF', 1, '1');

TRUNCATE TABLE `operation`;
INSERT INTO `operation` (`id`, `product_id`, `q`, `d`, `operation_type_id`, `sell_id`, `created_at`) VALUES
(3, 68, 1, 0, 1, NULL, '2018-10-15 10:27:18'),
(4, 69, 2, 0, 1, NULL, '2018-10-15 10:55:37'),
(5, 70, 2, 0, 1, NULL, '2018-10-15 10:57:02'),
(6, 71, 3, 0, 1, NULL, '2018-10-15 10:57:39'),
(10, 75, 1, 0, 1, NULL, '2018-10-15 10:59:48'),
(11, 76, 1, 0, 1, NULL, '2018-10-15 11:00:16'),
(13, 78, 2, 0, 1, NULL, '2018-10-15 11:03:02'),
(14, 79, 2, 0, 1, NULL, '2018-10-15 11:03:30'),
(15, 80, 2, 0, 1, NULL, '2018-10-15 11:04:25'),
(16, 81, 1, 0, 1, NULL, '2018-10-15 11:04:47'),
(17, 82, 1, 0, 1, NULL, '2018-10-15 11:05:41'),
(18, 83, 1, 0, 1, NULL, '2018-10-15 11:06:08'),
(19, 84, 1, 0, 1, NULL, '2018-10-15 11:06:42'),
(20, 85, 1, 0, 1, NULL, '2018-10-15 11:07:10'),
(21, 86, 2, 0, 1, NULL, '2018-10-15 11:08:03'),
(22, 87, 2, 0, 1, NULL, '2018-10-15 11:08:24'),
(23, 88, 1, 0, 1, NULL, '2018-10-15 11:08:43'),
(24, 89, 2, 0, 1, NULL, '2018-10-15 11:09:34'),
(25, 90, 2, 0, 1, NULL, '2018-10-15 11:10:01'),
(26, 91, 1, 0, 1, NULL, '2018-10-15 11:10:20'),
(27, 92, 3, 0, 1, NULL, '2018-10-15 11:11:01'),
(30, 95, 1, 0, 1, NULL, '2018-10-15 11:12:25'),
(31, 96, 2, 0, 1, NULL, '2018-10-15 11:12:46'),
(32, 97, 2, 0, 1, NULL, '2018-10-15 11:13:07'),
(33, 98, 2, 0, 1, NULL, '2018-10-15 11:15:52'),
(34, 99, 1, 0, 1, NULL, '2018-10-15 11:16:30'),
(35, 100, 1, 0, 1, NULL, '2018-10-15 11:17:11'),
(36, 101, 1, 0, 1, NULL, '2018-10-15 11:17:42'),
(37, 102, 2, 0, 1, NULL, '2018-10-15 11:18:02'),
(38, 103, 4, 0, 1, NULL, '2018-10-15 11:19:02'),
(39, 104, 3, 0, 1, NULL, '2018-10-15 11:19:47'),
(40, 105, 1, 0, 1, NULL, '2018-10-15 11:20:13'),
(41, 106, 6, 0, 1, NULL, '2018-10-15 11:20:54'),
(42, 107, 3, 0, 1, NULL, '2018-10-15 11:21:18'),
(43, 108, 1, 0, 1, NULL, '2018-10-15 11:21:54'),
(44, 109, 2, 0, 1, NULL, '2018-10-15 11:22:16'),
(45, 110, 1, 0, 1, NULL, '2018-10-15 11:22:37'),
(46, 111, 6, 0, 1, NULL, '2018-10-15 11:23:38'),
(47, 112, 1, 0, 1, NULL, '2018-10-15 11:24:16'),
(48, 113, 2, 0, 1, NULL, '2018-10-15 11:25:38'),
(49, 114, 1, 0, 1, NULL, '2018-10-15 11:26:01'),
(50, 115, 2, 0, 1, NULL, '2018-10-15 11:27:01'),
(51, 116, 1, 0, 1, NULL, '2018-10-15 11:27:26'),
(52, 117, 2, 0, 1, NULL, '2018-10-15 11:27:52'),
(53, 118, 2, 0, 1, NULL, '2018-10-15 11:28:50'),
(54, 119, 2, 0, 1, NULL, '2018-10-15 11:29:36'),
(55, 120, 1, 0, 1, NULL, '2018-10-15 11:30:10'),
(56, 3, 2, 0, 1, NULL, '2018-10-15 00:00:00'),
(58, 5, 5, 0, 1, NULL, '2018-10-15 00:00:00'),
(59, 6, 2, 0, 1, NULL, '2018-10-15 00:00:00'),
(61, 8, 5, 0, 1, NULL, '2018-10-15 00:00:00'),
(62, 9, 2, 0, 1, NULL, '2018-10-15 00:00:00'),
(63, 10, 1, 0, 1, NULL, '2018-10-15 00:00:00'),
(64, 11, 2, 0, 1, NULL, '2018-10-15 00:00:00'),
(65, 12, 4, 0, 1, NULL, '2018-10-15 00:00:00'),
(67, 14, 2, 0, 1, NULL, '2018-10-15 00:00:00'),
(68, 15, 2, 0, 1, NULL, '2018-10-15 00:00:00'),
(69, 16, 2, 0, 1, NULL, '2018-10-15 00:00:00'),
(70, 17, 2, 0, 1, NULL, '2018-10-15 00:00:00'),
(71, 18, 2, 0, 1, NULL, '2018-10-15 00:00:00'),
(72, 19, 2, 0, 1, NULL, '2018-10-15 00:00:00'),
(73, 20, 2, 0, 1, NULL, '2018-10-15 00:00:00'),
(74, 21, 3, 0, 1, NULL, '2018-10-15 00:00:00'),
(75, 22, 2, 0, 1, NULL, '2018-10-15 00:00:00'),
(76, 23, 1, 0, 1, NULL, '2018-10-15 00:00:00'),
(77, 24, 3, 0, 1, NULL, '2018-10-15 00:00:00'),
(78, 25, 2, 0, 1, NULL, '2018-10-15 00:00:00'),
(79, 26, 1, 0, 1, NULL, '2018-10-15 00:00:00'),
(80, 27, 2, 0, 1, NULL, '2018-10-15 00:00:00'),
(81, 28, 2, 0, 1, NULL, '2018-10-15 00:00:00'),
(82, 29, 2, 0, 1, NULL, '2018-10-15 00:00:00'),
(83, 30, 3, 0, 1, NULL, '2018-10-15 00:00:00'),
(84, 31, 1, 0, 1, NULL, '2018-10-15 00:00:00'),
(85, 32, 2, 0, 1, NULL, '2018-10-15 00:00:00'),
(86, 33, 1, 0, 1, NULL, '2018-10-15 00:00:00'),
(87, 34, 1, 0, 1, NULL, '2018-10-15 00:00:00'),
(88, 35, 2, 0, 1, NULL, '2018-10-15 00:00:00'),
(89, 36, 2, 0, 1, NULL, '2018-10-15 00:00:00'),
(90, 37, 2, 0, 1, NULL, '2018-10-15 00:00:00'),
(91, 38, 2, 0, 1, NULL, '2018-10-15 00:00:00'),
(92, 39, 1, 0, 1, NULL, '2018-10-15 00:00:00'),
(93, 40, 2, 0, 1, NULL, '2018-10-15 00:00:00'),
(94, 41, 3, 0, 1, NULL, '2018-10-15 00:00:00'),
(95, 42, 1, 0, 1, NULL, '2018-10-15 00:00:00'),
(96, 43, 1, 0, 1, NULL, '2018-10-15 00:00:00'),
(97, 44, 2, 0, 1, NULL, '2018-10-15 00:00:00'),
(98, 45, 2, 0, 1, NULL, '2018-10-15 00:00:00'),
(99, 46, 2, 0, 1, NULL, '2018-10-15 00:00:00'),
(100, 47, 2, 0, 1, NULL, '2018-10-15 00:00:00'),
(101, 48, 1, 0, 1, NULL, '2018-10-15 00:00:00'),
(102, 49, 2, 0, 1, NULL, '2018-10-15 00:00:00'),
(103, 50, 3, 0, 1, NULL, '2018-10-15 00:00:00'),
(104, 51, 2, 0, 1, NULL, '2018-10-15 00:00:00'),
(105, 52, 1, 0, 1, NULL, '2018-10-15 00:00:00'),
(106, 53, 2, 0, 1, NULL, '2018-10-15 00:00:00'),
(107, 54, 2, 0, 1, NULL, '2018-10-15 00:00:00'),
(108, 55, 2, 0, 1, NULL, '2018-10-15 00:00:00'),
(109, 56, 2, 0, 1, NULL, '2018-10-15 00:00:00'),
(110, 57, 2, 0, 1, NULL, '2018-10-15 00:00:00'),
(111, 58, 2, 0, 1, NULL, '2018-10-15 00:00:00'),
(112, 59, 1, 0, 1, NULL, '2018-10-15 00:00:00'),
(113, 60, 2, 0, 1, NULL, '2018-10-15 00:00:00'),
(114, 61, 2, 0, 1, NULL, '2018-10-15 00:00:00'),
(115, 62, 2, 0, 1, NULL, '2018-10-15 00:00:00'),
(116, 63, 2, 0, 1, NULL, '2018-10-15 00:00:00'),
(117, 64, 1, 0, 1, NULL, '2018-10-15 00:00:00'),
(118, 65, 1, 0, 1, NULL, '2018-10-15 00:00:00'),
(120, 121, 2, 0, 1, NULL, '2018-10-15 13:08:31'),
(121, 122, 2, 0, 1, NULL, '2018-10-15 13:08:49'),
(122, 123, 2, 0, 1, NULL, '2018-10-15 13:09:12'),
(123, 124, 3, 0, 1, NULL, '2018-10-15 13:10:47'),
(124, 125, 3, 0, 1, NULL, '2018-10-15 13:11:14'),
(125, 126, 2, 0, 1, NULL, '2018-10-15 13:11:53'),
(127, 128, 1, 0, 1, NULL, '2018-10-15 13:12:50'),
(128, 129, 1, 0, 1, NULL, '2018-10-15 13:13:10'),
(129, 130, 1, 0, 1, NULL, '2018-10-15 13:13:31'),
(130, 131, 2, 0, 1, NULL, '2018-10-15 13:14:15'),
(131, 132, 2, 0, 1, NULL, '2018-10-15 13:14:41'),
(132, 133, 2, 0, 1, NULL, '2018-10-15 13:15:14'),
(133, 134, 2, 0, 1, NULL, '2018-10-15 13:24:54'),
(134, 135, 2, 0, 1, NULL, '2018-10-15 13:25:20'),
(135, 136, 1, 0, 1, NULL, '2018-10-15 13:26:04'),
(136, 137, 2, 0, 1, NULL, '2018-10-15 13:26:24'),
(137, 138, 2, 0, 1, NULL, '2018-10-15 13:27:02'),
(138, 139, 1, 0, 1, NULL, '2018-10-15 13:27:27'),
(139, 140, 1, 0, 1, NULL, '2018-10-15 13:28:54'),
(140, 141, 2, 0, 1, NULL, '2018-10-15 13:29:18'),
(141, 142, 2, 0, 1, NULL, '2018-10-15 13:30:09'),
(142, 143, 4, 0, 1, NULL, '2018-10-15 13:30:44'),
(143, 144, 3, 0, 1, NULL, '2018-10-15 13:31:08'),
(144, 145, 3, 0, 1, NULL, '2018-10-15 13:33:47'),
(145, 146, 3, 0, 1, NULL, '2018-10-15 13:34:11'),
(146, 147, 3, 0, 1, NULL, '2018-10-15 13:36:25'),
(147, 148, 5, 0, 1, NULL, '2018-10-15 13:37:01'),
(148, 149, 7, 0, 1, NULL, '2018-10-15 13:37:29'),
(149, 150, 3, 0, 1, NULL, '2018-10-15 13:37:59'),
(150, 151, 1, 0, 1, NULL, '2018-10-15 13:39:56'),
(151, 152, 5, 0, 1, NULL, '2018-10-15 13:40:27'),
(152, 153, 5, 0, 1, NULL, '2018-10-15 13:41:00'),
(153, 154, 1, 0, 1, NULL, '2018-10-15 13:41:41'),
(154, 155, 4, 0, 1, NULL, '2018-10-15 13:42:13'),
(155, 156, 2, 0, 1, NULL, '2018-10-15 13:42:35'),
(156, 157, 3, 0, 1, NULL, '2018-10-15 13:43:19'),
(157, 158, 3, 0, 1, NULL, '2018-10-15 13:43:42'),
(158, 159, 3, 0, 1, NULL, '2018-10-15 13:44:05'),
(159, 160, 4, 0, 1, NULL, '2018-10-15 13:45:32'),
(160, 161, 3, 0, 1, NULL, '2018-10-15 13:46:03'),
(161, 162, 1, 0, 1, NULL, '2018-10-15 13:46:25'),
(162, 163, 2, 0, 1, NULL, '2018-10-15 13:47:01'),
(163, 164, 2, 0, 1, NULL, '2018-10-15 13:47:39'),
(164, 165, 2, 0, 1, NULL, '2018-10-15 13:48:06'),
(165, 166, 3, 0, 1, NULL, '2018-10-15 13:48:38'),
(166, 167, 3, 0, 1, NULL, '2018-10-15 13:49:00'),
(167, 168, 2, 0, 1, NULL, '2018-10-15 13:49:37'),
(168, 169, 3, 0, 1, NULL, '2018-10-15 13:50:01'),
(169, 170, 2, 0, 1, NULL, '2018-10-15 14:06:58'),
(170, 171, 2, 0, 1, NULL, '2018-10-15 14:10:26'),
(171, 172, 2, 0, 1, NULL, '2018-10-15 14:11:24'),
(172, 173, 2, 0, 1, NULL, '2018-10-15 14:12:02'),
(173, 174, 2, 0, 1, NULL, '2018-10-15 14:12:43'),
(174, 175, 3, 0, 1, NULL, '2018-10-15 14:14:45'),
(175, 176, 3, 0, 1, NULL, '2018-10-15 14:15:17'),
(176, 177, 3, 0, 1, NULL, '2018-10-15 14:15:56'),
(177, 178, 3, 0, 1, NULL, '2018-10-15 14:16:19'),
(178, 179, 3, 0, 1, NULL, '2018-10-15 14:17:17'),
(179, 180, 2, 0, 1, NULL, '2018-10-15 14:19:06'),
(180, 181, 1, 0, 1, NULL, '2018-10-15 14:19:32'),
(181, 182, 1, 0, 1, NULL, '2018-10-15 14:20:02'),
(182, 183, 1, 0, 1, NULL, '2018-10-15 14:20:41'),
(183, 184, 2, 0, 1, NULL, '2018-10-15 14:21:07'),
(184, 185, 1, 0, 1, NULL, '2018-10-15 14:21:32'),
(185, 186, 1, 0, 1, NULL, '2018-10-15 14:22:14'),
(186, 187, 2, 0, 1, NULL, '2018-10-15 14:22:49'),
(187, 188, 2, 0, 1, NULL, '2018-10-15 14:24:56'),
(188, 189, 1, 0, 1, NULL, '2018-10-15 14:27:51'),
(189, 190, 2, 0, 1, NULL, '2018-10-15 14:28:22'),
(190, 191, 1, 0, 1, NULL, '2018-10-15 14:28:45'),
(191, 192, 1, 0, 1, NULL, '2018-10-15 14:29:20'),
(192, 193, 1, 0, 1, NULL, '2018-10-15 14:29:43'),
(193, 194, 1, 0, 1, NULL, '2018-10-15 14:30:27'),
(194, 195, 2, 0, 1, NULL, '2018-10-15 14:32:36'),
(195, 196, 2, 0, 1, NULL, '2018-10-15 14:33:06'),
(196, 197, 1, 0, 1, NULL, '2018-10-15 14:33:40'),
(197, 198, 1, 0, 1, NULL, '2018-10-15 14:34:15'),
(198, 199, 1, 0, 1, NULL, '2018-10-15 14:35:40'),
(199, 200, 1, 0, 1, NULL, '2018-10-15 14:36:20'),
(200, 201, 1, 0, 1, NULL, '2018-10-15 14:36:57'),
(201, 202, 6, 0, 1, NULL, '2018-10-15 14:38:10'),
(202, 203, 5, 0, 1, NULL, '2018-10-15 14:38:49'),
(203, 204, 5, 0, 1, NULL, '2018-10-15 14:39:32'),
(204, 205, 4, 0, 1, NULL, '2018-10-15 14:40:12'),
(205, 206, 1, 0, 1, NULL, '2018-10-15 20:18:44'),
(206, 207, 1, 0, 1, NULL, '2018-10-15 20:19:07'),
(207, 208, 4, 0, 1, NULL, '2018-10-15 20:20:29'),
(208, 209, 1, 0, 1, NULL, '2018-10-15 20:21:52'),
(209, 210, 2, 0, 1, NULL, '2018-10-15 20:22:12'),
(210, 211, 2, 0, 1, NULL, '2018-10-15 20:22:37'),
(211, 212, 2, 0, 1, NULL, '2018-10-18 02:40:56'),
(217, 213, 6, 0, 1, NULL, '2018-10-18 08:39:57'),
(218, 214, 1, 0, 1, NULL, '2018-10-18 08:58:55'),
(219, 215, 1, 0, 1, NULL, '2018-10-18 08:59:35'),
(220, 216, 3, 0, 1, NULL, '2018-10-18 09:00:15'),
(221, 217, 2, 0, 1, NULL, '2018-10-18 09:02:27'),
(222, 218, 2, 0, 1, NULL, '2018-10-18 09:02:55'),
(223, 219, 1, 0, 1, NULL, '2018-10-18 09:03:45'),
(224, 220, 2, 0, 1, NULL, '2018-10-18 09:04:15'),
(225, 221, 2, 0, 1, NULL, '2018-10-18 09:04:44'),
(232, 228, 8, 0, 1, NULL, '2018-10-18 09:41:33'),
(233, 229, 6, 0, 1, NULL, '2018-10-18 09:44:04'),
(234, 230, 2, 0, 1, NULL, '2018-10-18 09:45:45'),
(235, 231, 1, 0, 1, NULL, '2018-10-18 09:46:31'),
(236, 232, 1, 0, 1, NULL, '2018-10-18 09:47:08'),
(237, 233, 1, 0, 1, NULL, '2018-10-18 09:47:44'),
(238, 234, 1, 0, 1, NULL, '2018-10-18 09:48:32'),
(239, 86, 1, 0, 2, 3, '2018-10-17 05:40:03'),
(260, 111, 1, 0, 2, 4, '2018-10-18 07:00:42'),
(261, 49, 1, 0, 2, 5, '2018-10-18 07:11:18'),
(262, 17, 1, 0, 2, 5, '2018-10-18 07:11:18'),
(263, 52, 1, 0, 2, 5, '2018-10-18 07:11:18'),
(264, 106, 1, 0, 2, 5, '2018-10-18 07:11:18'),
(265, 125, 1, 0, 2, 5, '2018-10-18 07:11:18'),
(266, 151, 1, 0, 2, 5, '2018-10-18 07:11:18'),
(267, 208, 1, 0, 2, 5, '2018-10-18 07:11:18'),
(268, 62, 1, 0, 2, 5, '2018-10-18 07:11:18'),
(269, 26, 1, 0, 2, 5, '2018-10-18 07:11:19'),
(270, 102, 1, 0, 2, 5, '2018-10-18 07:11:19'),
(271, 87, 1, 0, 2, 5, '2018-10-18 07:11:19'),
(272, 6, 1, 0, 2, 5, '2018-10-18 07:11:19'),
(274, 5, 1, 0, 2, 5, '2018-10-18 07:11:19'),
(275, 5, 1, 0, 2, 6, '2018-10-18 14:56:20'),
(276, 12, 1, 0, 2, 6, '2018-10-18 14:56:20'),
(277, 177, 1, 0, 2, 6, '2018-10-18 14:56:20'),
(278, 50, 1, 0, 2, 7, '2018-10-19 16:13:16'),
(279, 63, 1, 0, 2, 8, '2018-10-19 16:41:15'),
(280, 233, 1, 0, 2, 9, '2018-10-19 16:43:21'),
(282, 155, 1, 0, 2, 11, '2018-10-19 16:55:14'),
(283, 70, 1, 0, 2, 12, '2018-10-19 17:00:02'),
(284, 32, 1, 0, 2, 13, '2018-10-19 17:07:41'),
(285, 148, 1, 0, 2, 14, '2018-10-19 17:09:05'),
(286, 142, 1, 0, 2, 15, '2018-10-19 17:15:19'),
(287, 65, 1, 0, 2, 16, '2018-10-19 17:19:22'),
(289, 5, 1, 0, 2, 18, '2018-10-19 17:21:47'),
(294, 235, 3, 0, 1, NULL, '2018-10-20 00:00:00'),
(295, 236, 1, 0, 1, NULL, '2018-10-20 00:00:00'),
(296, 237, 1, 0, 1, NULL, '2018-10-20 00:00:00'),
(297, 238, 1, 0, 1, NULL, '2018-10-20 00:00:00'),
(298, 235, 1, 0, 2, 20, '2018-10-19 20:24:45'),
(299, 111, 1, 0, 2, 21, '2018-10-19 20:25:39'),
(300, 5, 1, 0, 2, 22, '2018-10-20 21:17:00'),
(301, 204, 1, 0, 2, 22, '2018-10-20 21:17:00'),
(302, 17, 1, 0, 2, 23, '2018-10-20 21:33:59'),
(303, 68, 1, 0, 2, 24, '2018-10-20 22:27:28'),
(304, 42, 1, 0, 2, 24, '2018-10-20 22:27:28'),
(305, 143, 1, 0, 2, 24, '2018-10-20 22:27:28'),
(306, 229, 1, 0, 2, 25, '2018-10-20 22:36:11'),
(307, 197, 1, 0, 2, 26, '2018-10-20 23:07:21'),
(309, 19, 1, 0, 2, 28, '2018-10-21 16:11:41'),
(310, 229, 1, 0, 2, 29, '2018-10-21 16:12:33'),
(311, 208, 1, 0, 2, 30, '2018-10-21 18:11:02'),
(312, 5, 1, 0, 2, 31, '2018-10-21 20:34:56'),
(313, 170, 1, 0, 2, 31, '2018-10-21 20:34:56'),
(314, 62, 1, 0, 2, 32, '2018-10-21 21:26:45'),
(315, 239, 2, 0, 1, NULL, '2018-10-21 15:55:17'),
(316, 240, 2, 0, 1, NULL, '2018-10-21 15:56:38'),
(317, 241, 3, 0, 1, NULL, '2018-10-21 15:57:17'),
(318, 242, 1, 0, 1, NULL, '2018-10-21 15:57:52'),
(319, 152, 1, 0, 2, 33, '2018-10-21 23:56:35'),
(320, 204, 1, 0, 2, 34, '2018-10-21 19:44:00'),
(321, 165, 1, 0, 2, 34, '2018-10-21 19:44:00'),
(322, 153, 1, 0, 2, 34, '2018-10-21 19:44:00'),
(323, 19, 1, 0, 2, 34, '2018-10-21 19:44:00'),
(324, 96, 1, 0, 2, 34, '2018-10-21 19:44:00'),
(325, 91, 1, 0, 2, 34, '2018-10-21 19:44:00'),
(326, 105, 1, 0, 2, 35, '2018-10-22 09:46:20'),
(329, 124, 1, 0, 2, 36, '2018-10-18 00:00:00'),
(331, 167, 1, 0, 2, 37, '2018-10-22 00:00:00'),
(332, 229, 8, 0, 1, 38, '2018-10-22 00:00:00'),
(333, 246, 3, 0, 1, NULL, '2018-10-22 14:47:41'),
(334, 159, 1, 0, 2, 39, '2018-10-23 00:00:00'),
(335, 20, 1, 0, 2, 39, '2018-10-23 00:00:00'),
(336, 115, 1, 0, 2, 40, '2018-10-23 00:00:00'),
(337, 219, 1, 0, 2, 40, '2018-10-23 00:00:00'),
(338, 229, 1, 0, 2, 41, '2018-10-24 00:00:00'),
(339, 232, 1, 0, 2, 41, '2018-10-24 00:00:00'),
(340, 157, 1, 0, 2, 41, '2018-10-24 00:00:00'),
(341, 8, 1, 0, 2, 42, '2018-10-24 00:00:00'),
(342, 205, 1, 0, 2, 43, '2018-10-24 00:00:00'),
(343, 78, 1, 0, 2, 44, '2018-10-24 00:00:00'),
(344, 111, 1, 0, 2, 45, '2018-10-24 00:00:00'),
(345, 95, 1, 0, 2, 46, '2018-10-24 00:00:00'),
(346, 184, 1, 0, 2, 47, '2018-10-24 00:00:00'),
(347, 104, 1, 0, 2, 47, '2018-10-24 00:00:00'),
(348, 133, 1, 0, 2, 47, '2018-10-24 00:00:00'),
(349, 64, 1, 0, 2, 47, '2018-10-24 00:00:00'),
(350, 150, 1, 0, 2, 48, '2018-10-24 00:00:00'),
(351, 28, 1, 0, 2, 48, '2018-10-24 00:00:00'),
(352, 157, 1, 0, 2, 49, '2018-10-24 00:00:00'),
(355, 249, 1, 0, 1, NULL, '2018-10-24 18:12:46'),
(356, 249, 1, 0, 2, 50, '2018-10-24 00:00:00'),
(357, 240, 1, 0, 2, 51, '2018-10-25 05:33:08'),
(358, 96, 1, 0, 2, 52, '2018-10-25 07:21:01'),
(359, 229, 1, 0, 2, 52, '2018-10-25 07:21:01'),
(360, 250, 3, 0, 1, NULL, '2018-10-25 17:23:57'),
(361, 251, 3, 0, 1, NULL, '2018-10-25 17:24:25'),
(362, 252, 5, 0, 1, NULL, '2018-10-25 17:24:48'),
(363, 253, 2, 0, 1, NULL, '2018-10-25 17:25:35'),
(364, 254, 4, 0, 1, NULL, '2018-10-25 17:25:58'),
(365, 255, 3, 0, 1, NULL, '2018-10-25 17:26:27'),
(366, 256, 1, 0, 1, NULL, '2018-10-25 17:28:16'),
(367, 257, 2, 0, 1, NULL, '2018-10-25 17:28:42'),
(368, 258, 3, 0, 1, NULL, '2018-10-25 17:29:06'),
(369, 259, 2, 0, 1, NULL, '2018-10-25 17:29:58'),
(370, 260, 2, 0, 1, NULL, '2018-10-25 17:30:17'),
(371, 261, 2, 0, 1, NULL, '2018-10-25 17:30:36'),
(372, 262, 2, 0, 1, NULL, '2018-10-25 17:31:39'),
(373, 263, 3, 0, 1, NULL, '2018-10-25 17:31:59'),
(374, 264, 3, 0, 1, NULL, '2018-10-25 17:32:16'),
(375, 265, 3, 0, 1, NULL, '2018-10-25 17:32:58'),
(376, 266, 4, 0, 1, NULL, '2018-10-25 17:33:24'),
(377, 267, 2, 0, 1, NULL, '2018-10-25 17:33:53'),
(378, 268, 2, 0, 1, NULL, '2018-10-25 17:34:31'),
(379, 269, 2, 0, 1, NULL, '2018-10-25 17:35:04'),
(380, 270, 1, 0, 1, NULL, '2018-10-25 17:35:31'),
(381, 269, 1, 0, 1, 53, '2018-10-26 00:00:00'),
(382, 269, 1, 0, 1, 54, '2018-10-26 00:00:00'),
(383, 270, 2, 0, 1, 55, '2018-10-26 00:00:00'),
(387, 178, 1, 0, 2, 56, '2018-10-26 03:26:10'),
(388, 40, 1, 0, 2, 56, '2018-10-26 03:26:10'),
(389, 25, 1, 0, 2, 57, '2018-10-26 03:41:12'),
(390, 258, 1, 0, 2, 57, '2018-10-26 03:41:12'),
(391, 61, 1, 0, 2, 57, '2018-10-26 03:41:12'),
(392, 271, 1, 0, 1, NULL, '2018-10-26 13:43:14'),
(393, 272, 1, 0, 1, NULL, '2018-10-26 13:45:47'),
(394, 273, 1, 0, 1, NULL, '2018-10-26 13:47:00'),
(395, 233, 2, 0, 1, 58, '2018-10-26 00:00:00'),
(396, 232, 1, 0, 1, 58, '2018-10-26 00:00:00'),
(397, 11, 1, 0, 2, 59, '2018-10-26 05:59:11'),
(398, 84, 1, 0, 2, 59, '2018-10-26 05:59:11'),
(399, 30, 1, 0, 2, 60, '2018-10-26 06:15:13'),
(400, 108, 1, 0, 2, 61, '2018-10-26 06:20:45'),
(401, 263, 1, 0, 2, 61, '2018-10-26 06:20:45'),
(402, 216, 1, 0, 2, 62, '2018-10-26 06:55:29'),
(403, 61, 1, 0, 2, 63, '2018-10-26 07:12:55'),
(404, 10, 1, 0, 2, 64, '2018-10-26 07:33:57'),
(405, 32, 1, 0, 2, 65, '2018-10-26 07:48:11'),
(406, 217, 1, 0, 2, 66, '2018-10-26 08:05:22'),
(407, 176, 1, 0, 2, 67, '2018-10-27 10:50:34'),
(408, 162, 1, 0, 2, 68, '2018-10-27 12:40:43'),
(409, 240, 1, 0, 2, 69, '2018-10-27 03:37:49'),
(410, 168, 1, 0, 2, 69, '2018-10-27 03:37:49'),
(411, 124, 1, 0, 2, 69, '2018-10-27 03:37:49'),
(412, 70, 1, 0, 2, 70, '2018-10-27 04:21:22'),
(413, 30, 1, 0, 2, 71, '2018-10-27 04:45:32'),
(414, 202, 1, 0, 2, 72, '2018-10-27 07:49:59'),
(415, 261, 1, 0, 2, 72, '2018-10-27 07:49:59'),
(416, 39, 1, 0, 2, 72, '2018-10-27 07:49:59'),
(417, 12, 1, 0, 2, 73, '2018-10-28 12:44:59'),
(418, 28, 1, 0, 2, 74, '2018-10-28 12:50:18'),
(419, 97, 1, 0, 2, 75, '2018-10-28 02:12:48'),
(420, 274, 1, 0, 1, NULL, '2018-10-28 15:40:03'),
(421, 40, 1, 0, 2, 76, '2018-10-29 03:30:36'),
(422, 204, 1, 0, 2, 77, '2018-10-29 06:09:07'),
(423, 172, 1, 0, 2, 77, '2018-10-29 06:09:07'),
(424, 242, 1, 0, 2, 77, '2018-10-29 06:09:07'),
(425, 165, 1, 0, 2, 77, '2018-10-29 06:09:07'),
(426, 158, 1, 0, 2, 77, '2018-10-29 06:09:07'),
(427, 107, 1, 0, 2, 78, '2018-10-30 09:48:27'),
(428, 229, 1, 0, 2, 79, '2018-10-30 02:14:14'),
(429, 208, 1, 0, 2, 79, '2018-10-30 02:14:14'),
(430, 163, 1, 0, 2, 79, '2018-10-30 02:14:14'),
(431, 124, 1, 0, 2, 79, '2018-10-30 02:14:14'),
(432, 160, 1, 0, 2, 79, '2018-10-30 02:14:14'),
(433, 260, 1, 0, 2, 79, '2018-10-30 02:14:14'),
(434, 112, 1, 0, 2, 79, '2018-10-30 02:14:14'),
(435, 44, 1, 0, 2, 80, '2018-10-30 04:51:56'),
(436, 25, 1, 0, 2, 81, '2018-10-30 08:04:10'),
(437, 156, 1, 0, 2, 81, '2018-10-30 08:04:10'),
(438, 143, 1, 0, 2, 81, '2018-10-30 08:04:10'),
(439, 110, 1, 0, 2, 81, '2018-10-30 08:04:10'),
(440, 246, 1, 0, 2, 81, '2018-10-30 08:04:10'),
(441, 71, 1, 0, 2, 82, '2018-10-31 05:27:34'),
(442, 18, 1, 0, 2, 83, '2018-10-31 05:55:27'),
(443, 229, 1, 0, 2, 84, '2018-10-31 05:57:57'),
(444, 228, 1, 0, 2, 85, '2018-11-01 10:04:07'),
(445, 81, 1, 0, 2, 86, '2018-11-01 01:55:47'),
(446, 147, 1, 0, 2, 87, '2018-11-01 02:58:19'),
(447, 14, 1, 0, 2, 87, '2018-11-01 02:58:19'),
(448, 235, 1, 0, 2, 87, '2018-11-01 02:58:19'),
(449, 51, 1, 0, 2, 88, '2018-11-01 07:40:28'),
(450, 41, 1, 0, 2, 89, '2018-11-02 01:30:34'),
(451, 229, 1, 0, 2, 90, '2018-11-02 03:09:12'),
(452, 232, 1, 0, 2, 90, '2018-11-02 03:09:12'),
(453, 53, 1, 0, 2, 91, '2018-11-02 04:48:08'),
(454, 229, 1, 0, 2, 92, '2018-11-02 06:15:20'),
(455, 229, 1, 0, 2, 93, '2018-11-02 06:20:57'),
(456, 230, 1, 0, 2, 93, '2018-11-02 06:20:57'),
(457, 266, 1, 0, 2, 94, '2018-11-02 06:26:50'),
(458, 228, 1, 0, 2, 95, '2018-11-02 06:52:48'),
(459, 135, 1, 0, 2, 95, '2018-11-02 06:52:48'),
(460, 46, 1, 0, 2, 95, '2018-11-02 06:52:48'),
(461, 152, 1, 0, 2, 95, '2018-11-02 06:52:48'),
(463, 260, 1, 0, 2, 95, '2018-11-02 06:52:48'),
(464, 257, 1, 0, 2, 95, '2018-11-02 06:52:48'),
(465, 246, 1, 0, 2, 95, '2018-11-02 06:52:48'),
(466, 82, 1, 0, 2, 95, '2018-11-02 06:52:48'),
(467, 172, 1, 0, 2, 95, '2018-11-02 06:52:48'),
(468, 229, 1, 0, 2, 95, '2018-11-02 06:52:48'),
(469, 230, 1, 0, 2, 95, '2018-11-02 06:52:48'),
(470, 89, 1, 0, 2, 96, '2018-11-03 12:25:35'),
(471, 115, 1, 0, 2, 96, '2018-11-03 12:25:35'),
(472, 208, 1, 0, 2, 96, '2018-11-03 12:25:35'),
(473, 83, 1, 0, 2, 97, '2018-11-03 01:07:47'),
(474, 205, 1, 0, 2, 98, '2018-11-03 01:57:10'),
(475, 152, 1, 0, 2, 98, '2018-11-03 01:57:10'),
(476, 149, 1, 0, 2, 98, '2018-11-03 01:57:10'),
(477, 126, 1, 0, 2, 99, '2018-11-03 03:24:35'),
(478, 16, 1, 0, 2, 100, '2018-11-03 05:43:29'),
(479, 182, 1, 0, 2, 101, '2018-11-03 05:44:46'),
(481, 276, 5, 0, 1, NULL, '2018-11-03 16:23:31'),
(482, 263, 1, 0, 2, 102, '2018-11-04 11:48:30'),
(483, 15, 1, 0, 2, 102, '2018-11-04 11:48:30'),
(484, 6, 1, 0, 2, 102, '2018-11-04 11:48:30'),
(485, 109, 1, 0, 2, 103, '2018-11-06 09:59:23'),
(487, 228, 1, 0, 2, 105, '2018-11-06 03:57:45'),
(488, 174, 1, 0, 2, 105, '2018-11-06 03:57:45'),
(511, 174, 1, 0, 4, 116, '2018-11-06 05:35:42'),
(512, 71, 1, 0, 4, 116, '2018-11-06 05:35:42'),
(513, 48, 1, 0, 4, 116, '2018-11-06 05:35:42'),
(514, 203, 1, 0, 4, 116, '2018-11-06 05:35:42'),
(515, 229, 1, 0, 4, 116, '2018-11-06 05:35:42'),
(516, 112, 1, 0, 3, 117, '2018-11-06 05:35:42'),
(517, 208, 1, 0, 3, 117, '2018-11-06 05:35:42'),
(518, 124, 1, 0, 3, 117, '2018-11-06 05:35:42'),
(519, 260, 1, 0, 3, 117, '2018-11-06 05:35:42'),
(520, 177, 1, 0, 2, 118, '2018-11-06 06:13:03'),
(521, 68, 1, 0, 1, 119, '2018-11-06 00:00:00'),
(522, 60, 1, 0, 2, 120, '2018-11-06 07:16:08'),
(523, 212, 1, 0, 2, 120, '2018-11-06 07:16:08'),
(524, 196, 1, 0, 2, 121, '2018-11-06 08:01:44'),
(525, 169, 1, 0, 2, 122, '2018-11-06 08:10:35'),
(526, 12, 1, 0, 2, 123, '2018-11-07 02:34:52'),
(527, 78, 1, 0, 2, 124, '2018-11-07 02:36:50'),
(528, 277, 13, 0, 1, NULL, '2018-11-07 15:28:02'),
(529, 278, 9, 0, 1, NULL, '2018-11-07 15:28:54'),
(530, 279, 3, 0, 1, NULL, '2018-11-07 15:30:02'),
(531, 280, 4, 0, 1, NULL, '2018-11-07 15:30:38'),
(532, 281, 2, 0, 1, NULL, '2018-11-07 15:32:56'),
(533, 282, 2, 0, 1, NULL, '2018-11-07 15:33:31'),
(534, 283, 2, 0, 1, NULL, '2018-11-07 15:34:17'),
(535, 284, 2, 0, 1, NULL, '2018-11-07 15:34:50'),
(537, 286, 3, 0, 1, NULL, '2018-11-07 15:41:50'),
(538, 287, 3, 0, 1, NULL, '2018-11-07 15:42:20'),
(541, 290, 8, 0, 1, NULL, '2018-11-07 15:44:52'),
(542, 291, 5, 0, 1, NULL, '2018-11-07 15:46:52'),
(543, 292, 3, 0, 1, NULL, '2018-11-07 15:48:21'),
(544, 293, 6, 0, 1, NULL, '2018-11-07 15:49:53'),
(545, 294, 5, 0, 1, NULL, '2018-11-07 15:50:44'),
(546, 295, 3, 0, 1, NULL, '2018-11-07 15:51:51'),
(547, 296, 1, 0, 1, NULL, '2018-11-07 15:52:54'),
(548, 297, 3, 0, 1, NULL, '2018-11-07 15:53:21'),
(549, 298, 3, 0, 1, NULL, '2018-11-07 15:55:31'),
(550, 157, 1, 0, 1, 125, '2018-11-07 00:00:00'),
(551, 299, 2, 0, 1, NULL, '2018-11-07 15:58:17'),
(552, 300, 1, 0, 1, NULL, '2018-11-07 15:59:18'),
(553, 301, 4, 0, 1, NULL, '2018-11-07 16:00:55'),
(554, 302, 4, 0, 1, NULL, '2018-11-07 16:01:27'),
(555, 303, 1, 0, 1, NULL, '2018-11-07 16:02:26'),
(556, 304, 2, 0, 1, NULL, '2018-11-07 16:02:56'),
(557, 305, 2, 0, 1, NULL, '2018-11-07 16:03:23'),
(558, 306, 2, 0, 1, NULL, '2018-11-07 16:03:50'),
(559, 307, 3, 0, 1, NULL, '2018-11-07 16:04:55'),
(560, 308, 1, 0, 1, NULL, '2018-11-07 16:06:02'),
(561, 309, 4, 0, 1, NULL, '2018-11-07 16:06:27'),
(562, 310, 4, 0, 1, NULL, '2018-11-07 16:06:56'),
(563, 311, 6, 0, 1, NULL, '2018-11-07 16:07:50'),
(564, 312, 4, 0, 1, NULL, '2018-11-07 16:09:12'),
(574, 24, 1, 0, 2, 135, '2018-11-08 09:47:22'),
(575, 279, 1, 0, 2, 136, '2018-11-08 12:52:12'),
(576, 29, 1, 0, 2, 137, '2018-11-08 01:02:25'),
(577, 313, 2, 0, 1, NULL, '2018-11-08 13:50:26'),
(578, 314, 2, 0, 1, NULL, '2018-11-08 13:50:53'),
(579, 315, 2, 0, 1, NULL, '2018-11-08 13:51:15'),
(580, 316, 2, 0, 1, NULL, '2018-11-08 13:53:31'),
(581, 317, 2, 0, 1, NULL, '2018-11-08 13:53:52'),
(582, 318, 2, 0, 1, NULL, '2018-11-08 13:54:12'),
(583, 319, 11, 0, 1, NULL, '2018-11-08 13:56:28'),
(584, 320, 1, 0, 1, NULL, '2018-11-08 13:58:34'),
(585, 321, 1, 0, 1, NULL, '2018-11-08 14:00:13'),
(586, 322, 4, 0, 1, NULL, '2018-11-08 14:01:06'),
(587, 323, 6, 0, 1, NULL, '2018-11-08 14:01:47'),
(588, 324, 1, 0, 1, NULL, '2018-11-08 14:02:56'),
(589, 325, 1, 0, 1, NULL, '2018-11-08 14:03:42'),
(590, 326, 1, 0, 1, NULL, '2018-11-08 14:04:24'),
(591, 327, 2, 0, 1, NULL, '2018-11-08 14:06:54'),
(592, 301, 1, 0, 2, 138, '2018-11-08 06:16:51'),
(593, 268, 1, 0, 2, 139, '2018-11-08 07:06:31'),
(594, 262, 1, 0, 2, 139, '2018-11-08 07:06:31'),
(595, 168, 1, 0, 2, 139, '2018-11-08 07:06:31'),
(596, 241, 1, 0, 2, 139, '2018-11-08 07:06:31'),
(597, 204, 1, 0, 2, 140, '2018-11-09 11:18:16'),
(598, 229, 1, 0, 2, 141, '2018-11-09 11:31:59'),
(599, 196, 1, 0, 2, 142, '2018-11-09 11:38:08'),
(600, 299, 1, 0, 2, 142, '2018-11-09 11:38:08'),
(601, 293, 1, 0, 2, 142, '2018-11-09 11:38:08'),
(602, 102, 1, 0, 2, 143, '2018-11-09 11:47:49'),
(603, 310, 1, 0, 2, 144, '2018-11-09 12:40:53'),
(604, 178, 1, 0, 2, 144, '2018-11-09 12:40:53'),
(605, 12, 1, 0, 2, 144, '2018-11-09 12:40:53'),
(606, 277, 1, 0, 2, 144, '2018-11-09 12:40:53'),
(607, 278, 1, 0, 2, 144, '2018-11-09 12:40:53'),
(608, 298, 1, 0, 2, 145, '2018-11-09 01:51:30'),
(609, 304, 1, 0, 2, 145, '2018-11-09 01:51:30'),
(610, 293, 1, 0, 2, 145, '2018-11-09 01:51:30'),
(611, 293, 1, 0, 2, 146, '2018-11-09 04:22:57'),
(612, 320, 1, 0, 2, 146, '2018-11-09 04:22:57'),
(613, 22, 1, 0, 2, 146, '2018-11-09 04:22:57'),
(614, 307, 1, 0, 2, 147, '2018-11-09 04:26:11'),
(615, 296, 1, 0, 2, 148, '2018-11-09 05:01:33'),
(616, 308, 1, 0, 2, 149, '2018-11-09 06:50:09'),
(617, 290, 1, 0, 2, 150, '2018-11-09 07:14:28'),
(618, 103, 1, 0, 2, 151, '2018-11-10 10:41:18'),
(619, 228, 1, 0, 2, 151, '2018-11-10 10:41:18'),
(620, 137, 1, 0, 2, 152, '2018-11-10 01:04:07'),
(621, 277, 1, 0, 2, 153, '2018-11-10 01:45:24'),
(622, 41, 1, 0, 2, 154, '2018-11-10 02:52:18'),
(623, 15, 1, 0, 2, 154, '2018-11-10 02:52:18'),
(624, 299, 1, 0, 2, 154, '2018-11-10 02:52:18'),
(625, 169, 1, 0, 2, 155, '2018-11-10 04:12:52'),
(626, 136, 1, 0, 2, 156, '2018-11-10 04:53:06'),
(627, 111, 1, 0, 2, 157, '2018-11-10 06:12:16'),
(628, 210, 1, 0, 2, 157, '2018-11-10 06:12:16'),
(629, 184, 1, 0, 2, 158, '2018-11-10 06:25:12'),
(630, 8, 1, 0, 2, 159, '2018-11-10 06:50:49'),
(631, 229, 1, 0, 2, 160, '2018-11-10 07:08:38'),
(632, 282, 1, 0, 2, 161, '2018-11-10 07:27:27'),
(633, 290, 1, 0, 2, 161, '2018-11-10 07:27:27'),
(634, 49, 1, 0, 2, 162, '2018-11-11 12:41:46'),
(635, 323, 1, 0, 2, 162, '2018-11-11 12:41:46'),
(636, 161, 1, 0, 5, 163, '2018-11-11 02:28:36'),
(637, 198, 1, 0, 5, 163, '2018-11-11 02:28:36'),
(638, 34, 1, 0, 5, 163, '2018-11-11 02:28:36'),
(639, 258, 1, 0, 5, 163, '2018-11-11 02:28:36'),
(640, 261, 1, 0, 5, 163, '2018-11-11 02:28:36'),
(641, 328, 1, 0, 1, NULL, '2018-11-11 12:39:07'),
(642, 328, 1, 0, 2, 164, '2018-11-11 02:42:32'),
(643, 180, 1, 0, 2, 165, '2018-11-12 11:33:21'),
(644, 20, 1, 0, 2, 166, '2018-11-12 11:44:45'),
(645, 329, 2, 0, 1, NULL, '2018-11-12 09:56:07'),
(646, 330, 1, 0, 1, NULL, '2018-11-12 09:56:58'),
(648, 332, 2, 0, 1, NULL, '2018-11-12 10:00:31'),
(650, 334, 2, 0, 1, NULL, '2018-11-12 10:09:04'),
(651, 335, 2, 0, 1, NULL, '2018-11-12 10:09:43'),
(652, 336, 2, 0, 1, NULL, '2018-11-12 10:10:26'),
(653, 337, 1, 0, 1, NULL, '2018-11-12 10:15:28'),
(654, 338, 2, 0, 1, NULL, '2018-11-12 10:16:38'),
(656, 340, 1, 0, 1, NULL, '2018-11-12 10:18:17'),
(657, 341, 2, 0, 1, NULL, '2018-11-12 10:23:21'),
(658, 342, 2, 0, 1, NULL, '2018-11-12 10:24:00'),
(659, 343, 2, 0, 1, NULL, '2018-11-12 10:25:02'),
(660, 303, 1, 0, 2, 167, '2018-11-12 03:23:33'),
(661, 166, 1, 0, 2, 167, '2018-11-12 03:23:33'),
(662, 256, 1, 0, 2, 167, '2018-11-12 03:23:33'),
(663, 259, 1, 0, 2, 167, '2018-11-12 03:23:33'),
(664, 163, 1, 0, 2, 167, '2018-11-12 03:23:33'),
(665, 298, 1, 0, 2, 167, '2018-11-12 03:23:33'),
(666, 68, 1, 0, 2, 167, '2018-11-12 03:23:33'),
(667, 321, 1, 0, 2, 167, '2018-11-12 03:23:33'),
(668, 71, 1, 0, 2, 167, '2018-11-12 03:23:33'),
(669, 276, 2, 0, 2, 167, '2018-11-12 03:23:33'),
(670, 148, 1, 0, 2, 167, '2018-11-12 03:23:33'),
(671, 309, 1, 0, 2, 168, '2018-11-12 05:23:54'),
(672, 314, 1, 0, 2, 169, '2018-11-12 05:27:35'),
(673, 276, 1, 0, 2, 170, '2018-11-13 03:20:59'),
(674, 186, 1, 0, 2, 171, '2018-11-13 03:29:54'),
(675, 153, 1, 0, 5, 172, '2018-11-13 03:41:36'),
(676, 41, 1, 0, 2, 173, '2018-11-14 11:48:37'),
(677, 327, 1, 0, 2, 173, '2018-11-14 11:48:37'),
(678, 123, 1, 0, 2, 174, '2018-11-14 02:50:59'),
(679, 294, 1, 0, 2, 174, '2018-11-14 02:50:59'),
(680, 221, 1, 0, 2, 175, '2018-11-14 03:12:26'),
(681, 116, 1, 0, 2, 175, '2018-11-14 03:12:26'),
(682, 276, 2, 0, 2, 176, '2018-11-14 03:53:29'),
(683, 148, 1, 0, 2, 177, '2018-11-14 05:16:59'),
(684, 45, 1, 0, 2, 177, '2018-11-14 05:16:59'),
(685, 278, 1, 0, 2, 177, '2018-11-14 05:16:59'),
(686, 282, 1, 0, 2, 178, '2018-11-14 06:15:50'),
(687, 207, 1, 0, 2, 178, '2018-11-14 06:15:50'),
(688, 202, 1, 0, 2, 178, '2018-11-14 06:15:50'),
(689, 27, 1, 0, 2, 178, '2018-11-14 06:15:50'),
(690, 313, 1, 0, 2, 179, '2018-11-14 06:19:39'),
(691, 268, 1, 0, 2, 179, '2018-11-14 06:19:39'),
(692, 278, 1, 0, 2, 180, '2018-11-14 08:02:54'),
(693, 272, 1, 0, 2, 181, '2018-11-14 08:10:38'),
(694, 335, 1, 0, 2, 182, '2018-11-15 10:25:47'),
(695, 29, 1, 0, 2, 183, '2018-11-15 10:53:28'),
(696, 27, 1, 0, 2, 184, '2018-11-15 11:19:20'),
(697, 11, 1, 0, 2, 185, '2018-11-15 01:02:38'),
(698, 344, 2, 0, 1, NULL, '2018-11-15 12:59:27'),
(699, 345, 1, 0, 1, NULL, '2018-11-15 13:01:42'),
(700, 346, 2, 0, 1, NULL, '2018-11-15 13:03:09'),
(701, 323, 1, 0, 2, 186, '2018-11-16 10:54:36'),
(702, 80, 1, 0, 2, 187, '2018-11-16 01:04:28'),
(703, 340, 1, 0, 2, 188, '2018-11-16 03:22:04'),
(704, 277, 1, 0, 2, 188, '2018-11-16 03:22:04'),
(705, 167, 1, 0, 2, 189, '2018-11-16 05:40:54'),
(706, 279, 1, 0, 2, 190, '2018-11-16 07:05:05'),
(707, 9, 1, 0, 2, 191, '2018-11-17 09:43:38'),
(708, 18, 1, 0, 2, 192, '2018-11-17 11:00:54'),
(710, 283, 1, 0, 2, 194, '2018-11-17 01:14:31'),
(711, 111, 1, 0, 2, 194, '2018-11-17 01:14:31'),
(712, 51, 1, 0, 2, 195, '2018-11-17 03:04:17'),
(713, 241, 1, 0, 2, 196, '2018-11-17 03:10:47'),
(715, 92, 1, 0, 2, 198, '2018-11-17 04:32:06'),
(716, 332, 1, 0, 2, 198, '2018-11-17 04:32:06'),
(717, 281, 1, 0, 2, 199, '2018-11-17 07:01:10'),
(718, 55, 1, 0, 2, 199, '2018-11-17 07:01:10'),
(719, 193, 1, 0, 2, 200, '2018-11-17 07:04:54'),
(720, 228, 1, 0, 2, 201, '2018-11-17 07:10:01'),
(721, 304, 1, 0, 5, 202, '2018-11-17 07:12:11'),
(722, 208, 1, 0, 5, 202, '2018-11-17 07:12:11');

TRUNCATE TABLE `operation_type`;
INSERT INTO `operation_type` (`id`, `name`) VALUES
(1, 'entrada'),
(2, 'salida'),
(3, 'Cambio entrada'),
(4, 'Cambio salida'),
(5, 'Reserva'),
(6, 'Bono por devolucion'),
(7, 'Cancelado');

TRUNCATE TABLE `person`;
INSERT INTO `person` (`id`, `image`, `name`, `lastname`, `company`, `address1`, `address2`, `phone1`, `phone2`, `email1`, `email2`, `kind`, `created_at`) VALUES
(1, '', 'Luis', 'Bohorquez', '', '', '', '', '', 'luispit1000@gmail.com', '', NULL, '2018-10-15 00:00:00'),
(2, '', 'Gabriel', 'Barrios', '', 'Cra 63 # 48-79', '', '3233656749', '', 'gbarriosf@gmail.com', '', 1, '2018-10-18 03:06:19'),
(3, '', 'cambio', 'm', '', '1', '', '', '', '', '', 2, '2018-10-20 09:51:47'),
(4, '', 'Gina', 'Santon', '', 'g', '', '3002514869', '', 'f@gmail.com', '', 1, '2018-10-20 14:16:54'),
(5, '', 'liliana ', 'prieto', '', 'm', '', '3107279182', '', '', '', 1, '2018-10-20 14:32:38'),
(6, '', 'damaris', 'suares', '', 'd', '', '3106024272', '', '', '', 1, '2018-10-20 15:27:21'),
(7, '', 'Astrid ', 'De Gomez', '', 'a', '', '3037371', '', 'a', '', 1, '2018-10-20 16:07:14'),
(8, '', 'claudia', 'ardila ', '', 'CALLE 99A # 52-168', '', '3013609083', '', '', '', 1, '2018-10-21 07:26:42'),
(9, '', 'luis ', 'bohorquez', '', 'calle  70 ', '', '3022855813', '', '', '', 1, '2018-10-21 07:27:28'),
(10, '', 'milena del pilar', 'ardila carreño', '', 'calle 99 a nro 52-160', '', '3217397500', '', 'milenardila@hotmail.com', '', 1, '2018-10-21 07:33:03'),
(11, '', 'jackeline', 'rojas', '', 'calle ', '', '3215638486', '', '', '', 1, '2018-10-21 09:08:51'),
(12, '', 'mabeline ', 'rojas', '', 'cra', '', '3004416381', '', '', '', 1, '2018-10-21 09:09:34'),
(13, '', 'gladys ', 'giraldo', '', 'kra', '', '3013537791', '', '', '', 1, '2018-10-21 13:34:28'),
(14, '', 'doli', 'modelo', '', 'miramar', '', '3012795125', '', '', '', 1, '2018-10-21 13:39:36'),
(15, '', 'miriam', 'florez', '', 'klle', '', '3168787', '', '', '', 1, '2018-10-21 14:26:27'),
(16, '', 'joseleine andrea ', 'barros sanchez ', '', 'cra42 g2 numereo 97 68 el tabor', '', '3013712839', '', '', '', 1, '2018-10-22 07:51:25'),
(17, '', 'claudia ', 'sarinas', '', 'cr45 9628', '', '3002812545', '', '', '', 1, '2018-10-22 13:54:06'),
(18, '', 'juli', 'medina', '', 'l', '', '3015776250', '', '', '', 1, '2018-10-22 16:41:46'),
(19, '', 'ilma', 'hernandez', '', 'll', '', '3008012973', '', '', '', 1, '2018-10-23 10:20:27'),
(20, '', 'sharay', 'palacio', '', 'cas', '', '3002438381', '', '', '', 1, '2018-10-23 17:04:24'),
(21, '', 'rosa ', 'salas', '', 'calle93 71117', '', '3145913983', '', '', '', 1, '2018-10-24 10:00:48'),
(22, '', 'kelly', 'campo', '', 'kellycampo', '', '3008854091', '', '', '', 1, '2018-10-24 11:16:44'),
(23, '', 'edith', 'ospino fonseca', '', 'call', '', '3103632774', '', '', '', 1, '2018-10-24 12:19:14'),
(24, '', 'karen', 'miranda', '', 'd', '', '317523104', '', '', '', 1, '2018-10-24 15:36:19'),
(25, '', 'silbana', 'quintero', '', 'g', '', '3508464965', '', '', '', 1, '2018-10-24 17:16:35'),
(26, '', 'angelica', 'guerra', '', 'cas', '', '3174005973', '', '', '', 1, '2018-10-24 18:03:26'),
(27, '', 'karina', 'vergara', '', 'a', '', '3003832300', '', '', '', 1, '2018-10-24 18:05:29'),
(28, '', 'janete', 'c', '', 'a', '', '3137658481', '', '', '', 1, '2018-10-24 18:15:55'),
(29, '', 'Blanca', 'Aristizabal', '', 'm', '', '3103663114', '', 'blanca_aristi@hotmail.com', '', 1, '2018-10-25 17:20:32'),
(30, '', 'kate', 'modista', '', 'call', '', '3174005973', '', '', '', 2, '2018-10-26 09:33:51'),
(31, '', 'greys ', 'cerge', '', 'g', '', '3016402104', '', '', '', 1, '2018-10-26 13:12:37'),
(32, '', 'jenifer ', 'chaparro', '', 'f', '', '3126055525', '', '', '', 1, '2018-10-26 13:25:56'),
(33, '', 'usiacuri', 'bolsos', '', 'u', '', '3098754562', '', '', '', 2, '2018-10-26 13:48:13'),
(34, '', 'daniela ', 'carmona', '', '45', '', '', '', '', '', 1, '2018-10-26 16:20:42'),
(35, '', 'fracy', 'mondis', '', 'cre43 numero 98 86', '', '3012776017', '', '', '', 1, '2018-10-26 16:55:24'),
(36, '', 'lilibet', 'villareal', '', 'c', '', '3159278069', '', '', '', 1, '2018-10-26 17:33:53'),
(37, '', 'andrea', 'freylen', '', '34', '', '3017692337', '', '', '', 1, '2018-10-26 17:48:07'),
(38, '', 'laura', 'vasquez ', '', 'cr', '', '350388600', '', '', '', 1, '2018-10-26 18:05:19'),
(39, '', 'maria fernanda', 'fragozo', '', 'j', '', '3166256929', '', 'a', '', 1, '2018-10-27 10:40:24'),
(40, '', 'claudia', 'rodriguez ', '', 'cr', '', '3126254719', '', '', '', 1, '2018-10-27 13:37:46'),
(41, '', 'luisa', 'escamilla', '', 'call', '', '3148200311', '', '', '', 1, '2018-10-27 14:21:20'),
(42, '', 'daniela ', 'padilla', '', 'call', '', '3157247578', '', '', '', 1, '2018-10-27 14:45:29'),
(43, '', 'johana', 'diaz', '', 's', '', '3004383026', '', 'a', '', 1, '2018-10-27 17:49:53'),
(44, '', 'maria rosa', 'valdobino', '', '.', '', '3008153359', '', '', '', 1, '2018-10-28 10:44:38'),
(45, '', 'aida', 'palmete', '', '.', '', '3208485913', '', ',', '', 1, '2018-10-28 12:12:46'),
(46, '', 'blanca ', 'otero', '', 'c', '', '3007025293', '', '', '', 1, '2018-10-29 13:30:24'),
(47, '', 'hercilis', 'carreño', '', 'q', '', '3022132092', '', '', '', 1, '2018-10-29 16:07:41'),
(48, '', 'blanca', 'Aristizabal', '', 'a', '', '3103663114', '', 'x', '', 1, '2018-10-30 07:48:12'),
(49, '', 'MARTA', 'carmona', '', 'TRANVERSAL 44 BRISAS DEL MAR', '', '3208493122', '', '', '', 1, '2018-10-30 12:14:12'),
(50, '', 'ORNELA', 'MOLINARES', '', 'call', '', '3017143920', '', '', '', 1, '2018-10-30 14:51:51'),
(51, '', 'milena', 'ardila', '', '.', '', '3217397500', '', 'c', '', 1, '2018-10-30 18:03:13'),
(52, '', 'LEONITH ', 'VILLERO', '', '.', '', '3016473911', '', 'a', '', 1, '2018-10-31 15:26:49'),
(53, '', 'kelly ', 'bustillo ', '', 'x', '', '3103611710', '', 'c', '', 1, '2018-10-31 15:55:07'),
(54, '', 'berta ', 'jimenez', '', 'z', '', '3027180', '', 'z', '', 1, '2018-11-01 08:04:02'),
(55, '', 'lili', 'rodriquez', '', 'a', '', '9733366692', '', 'z', '', 1, '2018-11-01 11:55:29'),
(56, '', 'donna', 'martinez', '', 'cra 51 nro 27-86', '', '3125864558', '', 'donamartinez1886@gmail.com', '', 1, '2018-11-01 15:46:53'),
(57, '', 'alejandra', 'de los reyes', '', 'cra 43 c nro 102-153', '', '3002625112', '', 'alejandra.delosreyes03gmail.com', '', 1, '2018-11-01 17:40:27'),
(58, '', 'lorena ', 'contrera', '', 'calle98-42g -105', '', '3007557', '', '', '', 1, '2018-11-02 11:30:27'),
(59, '', 'ecciomara', 'fuente', '', 'calle 98 mirador del mar', '', '3005061747', '', '', '', 1, '2018-11-02 14:48:03'),
(60, '', 'MAYILIENE', 'MORENO', '', 'CRA 42G-82-103', '', '35009291', '', '', '', 1, '2018-11-02 16:15:16'),
(61, '', 'SISSY', 'FERNANDEZ', '', 'CRA 65-99-109', '', '3122029368', '', '', '', 1, '2018-11-02 16:20:52'),
(62, '', 'DIANA', 'REYES', '', 'CALLE 98 NRO 42G 105', '', '3327271', '', 'A', '', 1, '2018-11-02 16:26:32'),
(63, '', 'SILVIA', 'ANGULO', '', 'CRA 17 NRO 76B 71', '', '3008464954', '', 'a', '', 1, '2018-11-02 16:52:43'),
(64, '', 'rina', 'vergara', '', 'a', '', '3158608820', '', 'a', '', 1, '2018-11-03 11:07:45'),
(65, '', 'liseth', 'borgan', '', 'cra 6 nro 34c -23', '', '3002049435', '', 'z', '', 1, '2018-11-03 11:55:49'),
(66, '', 'DIANA CAROLINA', 'OROZCO', '', 'CALE99C-43-150', '', '3216951894', '', 'DIANAOROZCOLIVE.COM', '', 1, '2018-11-03 13:24:31'),
(67, '', 'NORAIMA', 'BLANCO', '', '.', '', '3116578712', '', 'A', '', 1, '2018-11-03 15:42:55'),
(68, '', 'yajaira', 'torres', '', 'clle 93 nro 71-117', '', '3008167008', '', 'z', '', 1, '2018-11-06 09:30:51'),
(69, '', 'Sandra', 'Gonzalez', '', 'c', '', '3023884324', '', 'sandradesagbini@gmail.com', '', 1, '2018-11-06 13:57:19'),
(70, '', 'irina', 'peña', '', 'cra 42 h nro 97-38', '', '3013517471', '', 'irinapena@hotmail.com', '', 1, '2018-11-06 16:13:00'),
(71, '', 'ingrid ', 'caguan', '', 'TRANVERSAL 44 BRISAS DEL MAR', '', '3006612507', '', 'a', '', 1, '2018-11-06 17:14:57'),
(72, '', 'michel', 'contreras', '', 'a', '', '3136959155', '', 'q', '', 1, '2018-11-06 18:01:26'),
(73, '', 'valentina', 'lombana', '', 'clle 99 a nro 42 f 211', '', '3013148800', '', '', '', 1, '2018-11-06 18:10:16'),
(74, '', 'monica', 'salas', '', 'clle 100 nro 42 f 100 torre 6 apto 202', '', '3008016882', '', 'monicapatricia30@hotmail.es', '', 1, '2018-11-07 12:34:50'),
(75, '', 'paola', 'santander', '', 'transversal 44 nro 99 c 70', '', '3043729', '', 'paosantander21@gmail.com', '', 1, '2018-11-07 18:17:46'),
(76, '', 'astrid', 'sarabia', '', 'cra 44 nro 100 82', '', '3014667057', '', 'x', '', 1, '2018-11-08 10:52:10'),
(77, '', 'gina', 'arevalo ', '', 'cra 10a nro 36 -22', '', '40939635', '', 'c', '', 1, '2018-11-08 11:02:20'),
(78, '', 'maria jose', 'sanchez', '', 'calle 92-42b1-183', '', '3043371270', '', '', '', 1, '2018-11-08 17:04:41'),
(79, '', 'maria jose', 'sanchez', '', 'calle 92-42b1-183', '', '3043371270', '', '', '', 1, '2018-11-08 17:06:15'),
(80, '', 'vannesa', 'gonzales', '', 'calle 91-54-11', '', '3007809319', '', '', '', 1, '2018-11-09 09:18:06'),
(81, '', 'lourdes astris', 'arias arias', '', 'calle97-42f43 mirador del mar 2', '', '3022034527', '', '', '', 1, '2018-11-09 09:38:04'),
(82, '', 'astris', 'pineda', '', 'medellin', '', '3116851477', '', '', '', 1, '2018-11-09 09:47:39'),
(83, '', 'carmen ines', 'pastrana', '', 'calle103-49e- 29 ', '', '3046379551', '', '', '', 1, '2018-11-09 10:40:23'),
(84, '', 'ana', 'perez', '', 'calle104 48e 52 ', '', '3107380239', '', '', '', 1, '2018-11-09 14:20:38'),
(85, '', 'michell', 'fuentes', '', 'cra 45 nro 99c 84', '', '3023343534', '', '', '', 1, '2018-11-09 16:50:07'),
(86, '', 'marina ', 'urbina', '', 'clle 96 nro 42f 217', '', '3103504855', '', '', '', 1, '2018-11-09 17:14:26'),
(87, '', 'nadia', 'baez', '', 'tranversal94-99c70 torre 4 -114', '', '3012339488', '', '', '', 1, '2018-11-10 08:36:32'),
(88, '', 'gloria', 'zambrano', '', 'cra 72 nro 88 61', '', '3024513835', '', 'gloria_lopez128@hotmail.com', '', 1, '2018-11-10 11:03:38'),
(89, '', 'narly patricia', 'torres', '', 'clle 91 nro 46 110', '', '3173667979', '', 'ansove772@hotmail.com', '', 1, '2018-11-10 12:51:27'),
(90, '', 'melisa', 'vargas', '', 'calle 98 nro 42g 105', '', '3042083788', '', 'm.vargas.bandera95@gmail.com', '', 1, '2018-11-10 14:12:43'),
(91, '', 'dayana', 'martinez', '', 'calle98-42g-105', '', '3206182923', '', '', '', 1, '2018-11-10 14:53:03'),
(92, '', 'susana', 'perez', '', 'z', '', '7869759771', '', 'z', '', 1, '2018-11-10 16:12:14'),
(93, '', 'liliana', 'diaz', '', 'trasnversal 44 nro 102-86', '', '3013740786', '', 'liludivihotmail.com', '', 1, '2018-11-10 16:24:57'),
(94, '', 'julieth', 'jaimes', '', 'transversal 44 nro 99 c 70', '', '3006354251', '', '', '', 1, '2018-11-10 16:50:25'),
(95, '', 'jazmin', 'valencia', '', 'trasnversall 44 nro 94-115', '', '3017851870', '', '', '', 1, '2018-11-10 17:27:09'),
(96, '', 'angelica', 'roncallo', '', 'Calle 78 # 57-95', '', '3015015477', '', 'angelicaroncallo@yahoo.es', '', 1, '2018-11-11 10:41:02'),
(97, '', 'Jackelin', 'Bruges', '', 'n', '', '3007876504', '', 'n', '', 1, '2018-11-11 12:28:31'),
(98, '', 'Issy', 'Ripoll', '', 'n', '', '3023765649', '', 'n', '', 1, '2018-11-11 12:39:51'),
(99, '', 'gloria', 'espinosa', '', 'clle 99 nro 56-41', '', '3601110', '', 'x', '', 1, '2018-11-12 09:29:57'),
(100, '', 'asociacion de profesionales anestesiologos ', 'permanentes', '', 'cra 50 nro 79-121', '', '3854020', '', '.', '', 1, '2018-11-12 09:44:43'),
(101, '', 'victoria', 'nandin', '', 'cra 55 nro 82 121', '', '3006579990', '', 'vickynandin@hotmail.coim', '', 1, '2018-11-12 13:19:16'),
(102, '', 'candelaria', 'cantillo', '', 'calle 21-18 -59', '', '3016404598', '', '', '', 1, '2018-11-13 13:20:53'),
(103, '', 'iveth', 'puellos', '', 'tranversal 44 -102-80', '', '300604056', '', '', '', 1, '2018-11-13 13:41:31'),
(104, '', 'ingris', 'tapia', '', 'cra48-100-34 casa4', '', '3008026802', '', '', '', 1, '2018-11-14 09:48:31'),
(105, '', 'erika', 'cardoso', '', 'cra43-98-106', '', '3174003993', '', '', '', 1, '2018-11-14 12:50:54'),
(106, '', 'alexandra', 'parada', '', 'cra42h -95-84', '', '3102746708', '', '', '', 1, '2018-11-14 13:12:20'),
(107, '', 'samy ', 'brito', '', 'z', '', '3015112368', '', 'z', '', 1, '2018-11-14 15:15:19'),
(108, '', 'gloria', 'mesa', '', 'x', '', '3008056951', '', 'x', '', 1, '2018-11-14 16:14:51'),
(109, '', 'shagide ', 'martinez', '', 'cra 47 nro 102-170', '', '3218418821', '', '', '', 1, '2018-11-14 16:19:07'),
(110, '', 'rocio', 'vergara', '', 'c', '', '3103565237', '', 'c', '', 1, '2018-11-14 18:10:36'),
(111, '', 'venancia', 'cardenas', '', 'cra43-95a-188', '', '3184534464', '', '', '', 1, '2018-11-15 08:53:24'),
(112, '', 'mirella', 'sanchez', '', 'cra45-99-84', '', '3012106434', '', '', '', 1, '2018-11-15 09:19:11'),
(113, '', 'luisa', 'fisher', '', 'z', '', '3007983109', '', 'lufish7@hotmail.com', '', 1, '2018-11-15 11:02:35'),
(114, '', 'neila', 'muñoz', '', 'calle97-42g88', '', '3008567742', '', '', '', 1, '2018-11-16 08:54:01'),
(115, '', 'elisabeth', 'riesgo', '', 'cali', '', '3162456036', '', '', '', 1, '2018-11-16 11:04:24'),
(116, '', 'monica', 'rico', '', 'transversal 44 100 - 82 apto 919', '', '3106322416', '', 'c', '', 1, '2018-11-16 13:21:05'),
(117, '', 'diana', 'rivero', '', 'calle99a-200-11', '', '3016983001', '', '', '', 1, '2018-11-17 07:43:33'),
(118, '', 'gina', 'carrascal', '', 'calle98-42g-105', '', '3146002352', '', '', '', 1, '2018-11-17 09:00:51'),
(119, '', 'vannesa', 'hernandez', '', 'cra44-99c70', '', '3104649302', '', '', '', 1, '2018-11-17 09:14:12'),
(120, '', 'leidy', 'portillo', '', 'santamarta', '', '3168768639', '', '-', '', 1, '2018-11-17 13:04:00'),
(121, '', 'ana lucia', 'gallego', '', 'barranquilla', '', '3013254741', '', '', '', 1, '2018-11-17 17:04:05'),
(122, '', 'daniela', 'donado', '', 'cc comercial miramar', '', '3173717068', '', '', '', 1, '2018-11-17 17:09:56');

TRUNCATE TABLE `product`;
INSERT INTO `product` (`id`, `image`, `barcode`, `name`, `description`, `inventary_min`, `price_in`, `price_out`, `unit`, `color_id`, `user_id`, `category_id`, `talla_id`, `created_at`, `is_active`) VALUES
(3, NULL, '', 'Set flores anastasia', '', 1, 1, 97400, 'pza', 1, 1, 3, 27, '2018-10-15 07:49:00', 1),
(5, NULL, '', 'Bluson rayas summer', '', 1, 1, 118000, 'pza', 2, 1, 9, 14, '2018-10-15 08:21:00', 1),
(6, NULL, '', 'Vestido hojas sole', '', 1, 1, 135000, 'pza', 3, 1, 10, 1, '2018-10-15 08:24:00', 1),
(8, NULL, '', 'Vestido hojas sole', '', 1, 1, 135000, 'pza', 3, 1, 10, 3, '2018-10-15 08:25:00', 1),
(9, NULL, '', 'Vestido hojas sole', '', 1, 1, 135000, 'pza', 3, 1, 10, 4, '2018-10-15 08:25:00', 1),
(10, NULL, '', 'Vestido hojas sun', '', 1, 1, 135000, 'pza', 4, 1, 10, 2, '2018-10-15 08:26:00', 1),
(11, NULL, '', 'Vestido hojas sun', '', 1, 1, 135000, 'pza', 4, 1, 10, 3, '2018-10-15 08:26:00', 1),
(12, NULL, '', 'Vestido hojas sun', '', 1, 1, 135000, 'pza', 4, 1, 10, 4, '2018-10-15 08:26:00', 1),
(14, NULL, '', 'Vestido combinado jean', '', 1, 1, 68300, 'pza', 2, 1, 10, 27, '2018-10-15 08:28:00', 1),
(15, NULL, '', 'Set flor bordado', '', 1, 1, 129900, 'pza', 5, 1, 3, 2, '2018-10-15 08:29:00', 1),
(16, NULL, '', 'Set flor bordado', '', 1, 1, 129900, 'pza', 5, 1, 3, 3, '2018-10-15 08:29:00', 1),
(17, NULL, '', 'Set flor bordado', '', 1, 1, 129900, 'pza', 5, 1, 3, 4, '2018-10-15 08:30:00', 1),
(18, NULL, '', 'Blusa rayas', '', 1, 1, 119900, 'pza', 2, 1, 4, 2, '2018-10-15 08:30:00', 1),
(19, NULL, '', 'Blusa rayas', '', 1, 1, 119900, 'pza', 2, 1, 4, 3, '2018-10-15 08:31:00', 1),
(20, NULL, '', 'Blusa rayas', '', 1, 1, 119900, 'pza', 2, 1, 4, 4, '2018-10-15 08:31:00', 1),
(21, NULL, '', 'Blusa satin noche', '', 1, 1, 109900, 'pza', 2, 1, 4, 2, '2018-10-15 08:32:00', 1),
(22, NULL, '', 'Blusa satin noche', '', 1, 1, 109900, 'pza', 2, 1, 4, 3, '2018-10-15 08:32:00', 1),
(23, NULL, '', 'Blusa satin noche', '', 1, 1, 109900, 'pza', 2, 1, 4, 4, '2018-10-15 08:33:00', 1),
(24, NULL, '', 'Blusa satin noche', '', 1, 1, 109900, 'pza', 6, 1, 4, 2, '2018-10-15 08:33:00', 1),
(25, NULL, '', 'Blusa satin noche', '', 1, 1, 109900, 'pza', 6, 1, 4, 3, '2018-10-15 08:33:00', 1),
(26, NULL, '', 'Blusa satin noche', '', 1, 1, 109900, 'pza', 6, 1, 4, 4, '2018-10-15 08:34:00', 1),
(27, NULL, '', 'Blusa plisada romantic', '', 1, 1, 99900, 'pza', 5, 1, 4, 2, '2018-10-15 08:35:00', 1),
(28, NULL, '', 'Blusa plisada romantic', '', 1, 1, 99900, 'pza', 5, 1, 4, 3, '2018-10-15 08:35:00', 1),
(29, NULL, '', 'Blusa plisada romantic', '', 1, 1, 99900, 'pza', 5, 1, 4, 4, '2018-10-15 08:35:00', 1),
(30, NULL, '', 'Set rayas fresh', '', 1, 1, 139900, 'pza', 7, 1, 3, 3, '2018-10-15 08:36:00', 1),
(31, NULL, '', 'Set rayas fresh', '', 1, 1, 139900, 'pza', 7, 1, 3, 4, '2018-10-15 08:36:00', 1),
(32, NULL, '', 'Camisa manga larga Suzane', '', 1, 1, 125000, 'pza', 7, 1, 11, 2, '2018-10-15 08:37:00', 1),
(33, NULL, '', 'Set lunares California', '', 1, 1, 135000, 'pza', 8, 1, 3, 2, '2018-10-15 08:38:00', 1),
(34, NULL, '', 'Set lunares California', '', 1, 1, 135000, 'pza', 8, 1, 3, 3, '2018-10-15 08:39:00', 1),
(35, NULL, '', 'Set lunares California', '', 1, 1, 135000, 'pza', 8, 1, 3, 4, '2018-10-15 08:39:00', 1),
(36, NULL, '', 'Set plisado tenista', '', 1, 1, 119900, 'pza', 8, 1, 3, 3, '2018-10-15 08:40:00', 1),
(37, NULL, '', 'Set plisado tenista', '', 1, 1, 119900, 'pza', 8, 1, 3, 4, '2018-10-15 08:40:00', 1),
(38, NULL, '', 'Vestido donna', '', 1, 1, 129900, 'pza', 6, 1, 10, 2, '2018-10-15 08:41:00', 1),
(39, NULL, '', 'Vestido donna', '', 1, 1, 129900, 'pza', 6, 1, 10, 3, '2018-10-15 08:41:00', 1),
(40, NULL, '', 'Vestido donna', '', 1, 1, 129900, 'pza', 6, 1, 10, 4, '2018-10-15 08:42:00', 1),
(41, NULL, '', 'Top encaje esencia', '', 1, 1, 99000, 'pza', 9, 1, 5, 2, '2018-10-15 08:42:00', 1),
(42, NULL, '', 'Top encaje esencia', '', 1, 1, 99000, 'pza', 9, 1, 5, 3, '2018-10-15 08:43:00', 1),
(43, NULL, '', 'Set tanning estampado', '', 1, 1, 169900, 'pza', 11, 1, 3, 1, '2018-10-15 08:44:00', 1),
(44, NULL, '', 'Set tanning estampado', '', 1, 1, 169900, 'pza', 11, 1, 3, 3, '2018-10-15 08:44:00', 1),
(45, NULL, '', 'Set tanning estampado', '', 1, 1, 169900, 'pza', 11, 1, 3, 2, '2018-10-15 08:45:00', 1),
(46, NULL, '', 'Vestido bordado primaveral', '', 1, 1, 199900, 'pza', 2, 1, 10, 2, '2018-10-15 08:45:00', 1),
(47, NULL, '', 'Vestido bordado primaveral', '', 1, 1, 199900, 'pza', 2, 1, 10, 3, '2018-10-15 08:46:00', 1),
(48, NULL, '', 'Blusa satin electra', '', 1, 1, 69900, 'pza', 9, 1, 4, 3, '2018-10-15 08:47:00', 1),
(49, NULL, '', 'Blusa satin electra', '', 1, 1, 55900, 'pza', 9, 1, 10, 4, '2018-10-15 08:47:00', 1),
(50, NULL, '', 'Set tierra', '', 1, 1, 159900, 'pza', 10, 1, 3, 2, '2018-10-15 08:48:00', 1),
(51, NULL, '', 'Set tierra', '', 1, 1, 159900, 'pza', 10, 1, 3, 3, '2018-10-15 08:48:00', 1),
(52, NULL, '', 'Set tierra', '', 1, 1, 159900, 'pza', 10, 1, 3, 4, '2018-10-15 08:49:00', 1),
(53, NULL, '', 'Top picnic', '', 1, 1, 75000, 'pza', 11, 1, 5, 3, '2018-10-15 08:50:00', 1),
(54, NULL, '', 'Top picnic', '', 1, 1, 75000, 'pza', 11, 1, 5, 4, '2018-10-15 08:50:00', 1),
(55, NULL, '', 'Top picnic', '', 1, 1, 75000, 'pza', 8, 1, 5, 2, '2018-10-15 09:14:00', 1),
(56, NULL, '', 'Top picnic', '', 1, 1, 75000, 'pza', 8, 1, 5, 3, '2018-10-15 09:32:00', 1),
(57, NULL, '', 'Top picnic', '', 1, 1, 75000, 'pza', 8, 1, 5, 4, '2018-10-15 09:34:00', 1),
(58, NULL, '', 'Enterito estampado rayas Stacy', '', 1, 1, 135000, 'pza', 2, 1, 8, 2, '2018-10-15 09:44:00', 1),
(59, NULL, '', 'Enterito estampado rayas Stacy', '', 1, 1, 135000, 'pza', 2, 1, 8, 3, '2018-10-15 09:54:00', 1),
(60, NULL, '', 'Vestido picnic rosa', '', 1, 1, 129900, 'pza', 6, 1, 10, 2, '2018-10-15 09:59:00', 1),
(61, NULL, '', 'Vestido picnic rosa', '', 1, 1, 129900, 'pza', 6, 1, 10, 3, '2018-10-15 10:01:00', 1),
(62, NULL, '', 'Vestido picnic rosa', '', 1, 1, 129900, 'pza', 6, 1, 10, 4, '2018-10-15 10:03:00', 1),
(63, NULL, '', 'Vestido tirantes Maria', '', 1, 1, 115000, 'pza', 7, 1, 10, 2, '2018-10-15 10:07:00', 1),
(64, NULL, '', 'Vestido tirantes Maria', '', 1, 1, 115000, 'pza', 7, 1, 10, 3, '2018-10-15 10:15:00', 1),
(65, NULL, '', 'Vestido tirantes Maria', '', 1, 1, 115000, 'pza', 7, 1, 10, 4, '2018-10-15 10:22:00', 1),
(68, NULL, '', 'Vestido tirantes Maria', '', 1, 1, 115000, 'pza', 12, 1, 10, 3, '2018-10-15 10:27:00', 1),
(69, NULL, '', 'Vestido tirantes Maria', '', 1, 1, 115000, 'pza', 12, 1, 10, 4, '2018-10-15 10:55:00', 1),
(70, NULL, '', 'Blusa maya tejidas', '', 1, 1, 89900, 'pza', 13, 1, 4, 2, '2018-10-15 10:57:00', 1),
(71, NULL, '', 'Blusa maya tejidas', '', 1, 1, 89900, 'pza', 13, 1, 4, 3, '2018-10-15 10:57:00', 1),
(75, NULL, '', 'Short Victorina', '', 1, 1, 69900, 'pza', 1, 1, 1, 3, '2018-10-15 10:59:00', 1),
(76, NULL, '', 'Short Victorina', '', 1, 1, 69900, 'pza', 1, 1, 1, 4, '2018-10-15 11:00:00', 1),
(77, NULL, '', 'Jumpsuit escosia', '', 1, 1, 139900, 'pza', 9, 1, 12, 2, '2018-10-15 11:02:00', 1),
(78, NULL, '', 'Jumpsuit escosia', '', 1, 1, 139900, 'pza', 9, 1, 12, 3, '2018-10-15 11:03:00', 1),
(79, NULL, '', 'Jumpsuit escosia', '', 1, 1, 139900, 'pza', 9, 1, 12, 4, '2018-10-15 11:03:00', 1),
(80, NULL, '', 'Vestido short rayas sun', '', 1, 1, 115000, 'pza', 11, 1, 13, 3, '2018-10-15 11:04:00', 1),
(81, NULL, '', 'Vestido short rayas sun', '', 1, 1, 115000, 'pza', 11, 1, 13, 4, '2018-10-15 11:04:00', 1),
(82, NULL, '', 'Vestido estampado spring', '', 1, 1, 119900, 'pza', 11, 1, 10, 2, '2018-10-15 11:05:00', 1),
(83, NULL, '', 'Vestido estampado spring', '', 1, 1, 119900, 'pza', 11, 1, 10, 3, '2018-10-15 11:06:00', 1),
(84, NULL, '', 'Vestido estampado spring', '', 1, 1, 119900, 'pza', 2, 1, 10, 3, '2018-10-15 11:06:00', 1),
(85, NULL, '', 'Vestido estampado spring', '', 1, 1, 119900, 'pza', 2, 1, 10, 4, '2018-10-15 11:07:00', 1),
(86, NULL, '', 'Set diosa', '', 1, 1, 169900, 'pza', 6, 1, 3, 2, '2018-10-15 11:08:00', 1),
(87, NULL, '', 'Set diosa', '', 1, 1, 169900, 'pza', 6, 1, 3, 3, '2018-10-15 11:08:00', 1),
(88, NULL, '', 'Set diosa', '', 1, 1, 169900, 'pza', 6, 1, 3, 4, '2018-10-15 11:08:00', 1),
(89, NULL, '', 'Short dulac', '', 1, 1, 89900, 'pza', 3, 1, 1, 2, '2018-10-15 11:09:00', 1),
(90, NULL, '', 'Short dulac', '', 1, 1, 89900, 'pza', 3, 1, 1, 3, '2018-10-15 11:10:00', 1),
(91, NULL, '', 'Short dulac', '', 1, 1, 89900, 'pza', 3, 1, 1, 4, '2018-10-15 11:10:00', 1),
(92, NULL, '', 'Pantalon babucha', '', 1, 1, 63700, 'pza', 6, 1, 14, 27, '2018-10-15 11:11:00', 1),
(95, NULL, '', 'Top malla dulce', '', 1, 1, 119900, 'pza', 7, 1, 5, 2, '2018-10-15 11:12:00', 1),
(96, NULL, '', 'Top malla dulce', '', 1, 1, 119900, 'pza', 7, 1, 5, 3, '2018-10-15 11:12:00', 1),
(97, NULL, '', 'Top malla dulce', '', 1, 1, 119900, 'pza', 7, 1, 5, 4, '2018-10-15 11:13:00', 1),
(98, NULL, '', 'Jean desgastado California', '', 1, 1, 109900, 'pza', 14, 1, 6, 15, '2018-10-15 11:15:00', 1),
(99, NULL, '', 'Jean desgastado California', '', 1, 1, 109900, 'pza', 14, 1, 6, 16, '2018-10-15 11:16:00', 1),
(100, NULL, '', 'Jean desgastado California', '', 1, 1, 115000, 'pza', 15, 1, 6, 15, '2018-10-15 11:17:00', 1),
(101, NULL, '', 'Jean desgastado California', '', 1, 1, 115000, 'pza', 15, 1, 6, 16, '2018-10-15 11:17:00', 1),
(102, NULL, '', 'Jean desgastado California', '', 1, 1, 115000, 'pza', 15, 1, 6, 17, '2018-10-15 11:18:00', 1),
(103, NULL, '', 'Falda jean ojales Beverly', '', 1, 1, 115000, 'pza', 2, 1, 2, 2, '2018-10-15 11:19:00', 1),
(104, NULL, '', 'Falda jean ojales Beverly', '', 1, 1, 115000, 'pza', 2, 1, 2, 3, '2018-10-15 11:19:00', 1),
(105, NULL, '', 'Falda jean ojales Beverly', '', 1, 1, 115000, 'pza', 2, 1, 2, 4, '2018-10-15 11:20:00', 1),
(106, NULL, '', 'Falda jean ojales Beverly', '', 1, 1, 115000, 'pza', 16, 1, 2, 2, '2018-10-15 11:20:00', 1),
(107, NULL, '', 'Falda jean ojales Beverly', '', 1, 1, 115000, 'pza', 16, 1, 2, 3, '2018-10-15 11:21:00', 1),
(108, NULL, '', 'Top encaje blonda', '', 1, 1, 105000, 'pza', 6, 1, 5, 2, '2018-10-15 11:21:00', 1),
(109, NULL, '', 'Top encaje blonda', '', 1, 1, 105000, 'pza', 6, 1, 5, 3, '2018-10-15 11:22:00', 1),
(110, NULL, '', 'Top encaje blonda', '', 1, 1, 105000, 'pza', 6, 1, 5, 4, '2018-10-15 11:22:00', 1),
(111, NULL, '', 'Blusa corredera basic', '', 1, 1, 55000, 'pza', 7, 1, 4, 14, '2018-10-15 11:23:00', 1),
(112, NULL, '', 'Short ojales Miami', '', 1, 1, 95000, 'pza', 7, 1, 1, 2, '2018-10-15 11:24:00', 1),
(113, NULL, '', 'Short ojales Miami', '', 1, 1, 95000, 'pza', 7, 1, 1, 3, '2018-10-15 11:25:00', 1),
(114, NULL, '', 'Short ojales Miami', '', 1, 1, 95000, 'pza', 7, 1, 1, 4, '2018-10-15 11:26:00', 1),
(115, NULL, '', 'Short ojales Miami', '', 1, 1, 95000, 'pza', 6, 1, 1, 2, '2018-10-15 11:27:00', 1),
(116, NULL, '', 'Short ojales Miami', '', 1, 1, 95000, 'pza', 6, 1, 1, 3, '2018-10-15 11:27:00', 1),
(117, NULL, '', 'Short ojales Miami', '', 1, 1, 95000, 'pza', 6, 1, 1, 4, '2018-10-15 11:27:00', 1),
(118, NULL, '', 'Short rayas comfort', '', 1, 1, 60000, 'pza', 2, 1, 1, 2, '2018-10-15 11:28:00', 1),
(119, NULL, '', 'Short jean LA', '', 1, 1, 109900, 'pza', 2, 1, 1, 3, '2018-10-15 11:29:00', 1),
(120, NULL, '', 'Short jean LA', '', 1, 1, 109900, 'pza', 2, 1, 1, 4, '2018-10-15 11:30:00', 1),
(121, NULL, '', 'Camisa Danna prendedor', '', 1, 1, 59900, 'pza', 7, 1, 11, 2, '2018-10-15 13:08:00', 1),
(122, NULL, '', 'Camisa Danna prendedor', '', 1, 1, 59900, 'pza', 7, 1, 11, 3, '2018-10-15 13:08:00', 1),
(123, NULL, '', 'Camisa Danna prendedor', '', 1, 1, 59900, 'pza', 7, 1, 11, 4, '2018-10-15 13:09:00', 1),
(124, NULL, '', 'Blusa ojales ortensia', '', 1, 1, 79900, 'pza', 24, 1, 4, 2, '2018-10-15 13:10:00', 1),
(125, NULL, '', 'Blusa ojales ortensia', '', 1, 1, 79900, 'pza', 24, 1, 4, 3, '2018-10-15 13:11:00', 1),
(126, NULL, '', 'Top elastico princesa', '', 1, 1, 47900, 'pza', 24, 1, 5, 27, '2018-10-15 13:11:00', 1),
(128, NULL, '', 'Short cotton', '', 1, 1, 59900, 'pza', 8, 1, 1, 2, '2018-10-15 13:12:00', 1),
(129, NULL, '', 'Short cotton', '', 1, 1, 59900, 'pza', 8, 1, 1, 3, '2018-10-15 13:13:00', 1),
(130, NULL, '', 'Short cotton', '', 1, 1, 59900, 'pza', 8, 1, 1, 4, '2018-10-15 13:13:00', 1),
(131, NULL, '', 'Short estampado paisaje', '', 1, 1, 89900, 'pza', 7, 1, 1, 2, '2018-10-15 13:14:00', 1),
(132, NULL, '', 'Short estampado paisaje', '', 1, 1, 89900, 'pza', 7, 1, 1, 4, '2018-10-15 13:14:00', 1),
(133, NULL, '', 'Top arandela Maggie', '', 1, 1, 71300, 'pza', 24, 1, 5, 2, '2018-10-15 13:15:00', 1),
(134, NULL, '', 'Short oceano', '', 1, 1, 79900, 'pza', 2, 1, 1, 2, '2018-10-15 13:24:00', 1),
(135, NULL, '', 'Short oceano', '', 1, 1, 79900, 'pza', 2, 1, 1, 3, '2018-10-15 13:25:00', 1),
(136, NULL, '', 'Enterito corto cuadros', '', 1, 1, 109900, 'pza', 16, 1, 8, 3, '2018-10-15 13:26:00', 1),
(137, NULL, '', 'Enterito corto cuadros', '', 1, 1, 109900, 'pza', 16, 1, 8, 4, '2018-10-15 13:26:00', 1),
(138, NULL, '', 'Set pantalon rayas estilo', '', 1, 1, 90900, 'pza', 16, 1, 3, 2, '2018-10-15 13:27:00', 1),
(139, NULL, '', 'Set pantalon rayas estilo', '', 1, 1, 90900, 'pza', 16, 1, 3, 3, '2018-10-15 13:27:00', 1),
(140, NULL, '', 'Set sunset estampado', '', 1, 1, 105000, 'pza', 17, 1, 3, 3, '2018-10-15 13:28:00', 1),
(141, NULL, '', 'Set sunset estampado', '', 1, 1, 105000, 'pza', 17, 1, 3, 4, '2018-10-15 13:29:00', 1),
(142, NULL, '', 'Jean skinny Justina', '', 1, 1, 109900, 'pza', 16, 1, 6, 7, '2018-10-15 13:30:00', 1),
(143, NULL, '', 'Jean skinny Justina', '', 1, 1, 109900, 'pza', 16, 1, 6, 8, '2018-10-15 13:30:00', 1),
(144, NULL, '', 'Jean skinny Justina', '', 1, 1, 109900, 'pza', 16, 1, 6, 9, '2018-10-15 13:31:00', 1),
(145, NULL, '', 'Jean letra bordada Coco', '', 1, 1, 129900, 'pza', 18, 1, 6, 7, '2018-10-15 13:33:00', 1),
(146, NULL, '', 'Jean letra bordada Coco', '', 1, 1, 129900, 'pza', 18, 1, 6, 8, '2018-10-15 13:34:00', 1),
(147, NULL, '', 'Jean letra bordada Coco', '', 1, 1, 129900, 'pza', 18, 1, 6, 9, '2018-10-15 13:36:00', 1),
(148, NULL, '', 'Jean Tita', '', 1, 1, 129900, 'pza', 2, 1, 6, 7, '2018-10-15 13:37:00', 1),
(149, NULL, '', 'Jean Tita', '', 1, 1, 129900, 'pza', 2, 1, 6, 8, '2018-10-15 13:37:00', 1),
(150, NULL, '', 'Jean Tita', '', 1, 1, 129900, 'pza', 2, 1, 6, 9, '2018-10-15 13:37:00', 1),
(151, NULL, '', 'Jean Light Blue', '', 1, 1, 129900, 'pza', 25, 1, 6, 7, '2018-10-15 13:39:00', 1),
(152, NULL, '', 'Jean Light Blue', '', 1, 1, 129900, 'pza', 25, 1, 6, 8, '2018-10-15 13:40:00', 1),
(153, NULL, '', 'Jean Light Blue', '', 1, 1, 129900, 'pza', 25, 1, 6, 9, '2018-10-15 13:41:00', 1),
(154, NULL, '', 'Jean Chupin indigo', '', 1, 1, 109900, 'pza', 19, 1, 6, 7, '2018-10-15 13:41:00', 1),
(155, NULL, '', 'Jean Chupin indigo', '', 1, 1, 109900, 'pza', 19, 1, 6, 8, '2018-10-15 13:42:00', 1),
(156, NULL, '', 'Jean Chupin indigo', '', 1, 1, 109900, 'pza', 19, 1, 6, 9, '2018-10-15 13:42:00', 1),
(157, NULL, '', 'Jean Victoria engomado', '', 1, 1, 139900, 'pza', 7, 1, 6, 7, '2018-10-15 13:43:00', 1),
(158, NULL, '', 'Jean Victoria engomado', '', 1, 1, 139900, 'pza', 7, 1, 6, 8, '2018-10-15 13:43:00', 1),
(159, NULL, '', 'Jean Victoria engomado', '', 1, 1, 139900, 'pza', 7, 1, 6, 9, '2018-10-15 13:44:00', 1),
(160, NULL, '', 'Short Lorenza indigo', '', 1, 1, 95000, 'pza', 19, 1, 1, 7, '2018-10-15 13:45:00', 1),
(161, NULL, '', 'Short Lorenza indigo', '', 1, 1, 95000, 'pza', 19, 1, 1, 8, '2018-10-15 13:46:00', 1),
(162, NULL, '', 'Short Lorenza indigo', '', 1, 1, 95000, 'pza', 19, 1, 1, 9, '2018-10-15 13:46:00', 1),
(163, NULL, '', 'Short Alba', '', 1, 1, 105000, 'pza', 16, 1, 1, 7, '2018-10-15 13:47:00', 1),
(164, NULL, '', 'Short Alba', '', 1, 1, 105000, 'pza', 16, 1, 1, 8, '2018-10-15 13:47:00', 1),
(165, NULL, '', 'Short Alba', '', 1, 1, 105000, 'pza', 16, 1, 1, 9, '2018-10-15 13:48:00', 1),
(166, NULL, '', 'Falda ojales white', '', 1, 1, 119900, 'pza', 7, 1, 2, 2, '2018-10-15 13:48:00', 1),
(167, NULL, '', 'Falda ojales white', '', 1, 1, 119900, 'pza', 7, 1, 2, 3, '2018-10-15 13:49:00', 1),
(168, NULL, '', 'Falda corredera rock', '', 1, 1, 129900, 'pza', 16, 1, 2, 7, '2018-10-15 13:49:00', 1),
(169, NULL, '', 'Falda corredera rock', '', 1, 1, 129900, 'pza', 16, 1, 2, 8, '2018-10-15 13:50:00', 1),
(170, NULL, '', 'Vestido Morley', '', 1, 1, 129900, 'pza', 7, 1, 10, 15, '2018-10-15 14:06:00', 1),
(171, NULL, '', 'Vestido Morley', '', 1, 1, 129900, 'pza', 7, 1, 10, 18, '2018-10-15 14:10:00', 1),
(172, NULL, '', 'Vestido Morley', '', 1, 1, 129900, 'pza', 12, 1, 10, 15, '2018-10-15 14:11:00', 1),
(173, NULL, '', 'Vestido Morley', '', 1, 1, 129900, 'pza', 12, 1, 10, 18, '2018-10-15 14:12:00', 1),
(174, NULL, '', 'Jumpsuit rayas dark', '', 1, 1, 129900, 'pza', 16, 1, 12, 2, '2018-10-15 14:12:00', 1),
(175, NULL, '', 'Camiseta estampada Trois', '', 1, 1, 49900, 'pza', 12, 1, 15, 15, '2018-10-15 14:14:00', 1),
(176, NULL, '', 'Camiseta estampada Trois', '', 1, 1, 49900, 'pza', 12, 1, 15, 18, '2018-10-15 14:15:00', 1),
(177, NULL, '', 'Camiseta estampada Trois', '', 1, 1, 49900, 'pza', 24, 1, 15, 15, '2018-10-15 14:15:00', 1),
(178, NULL, '', 'Camiseta estampada Trois', '', 1, 1, 49900, 'pza', 24, 1, 15, 18, '2018-10-15 14:16:00', 1),
(179, NULL, '', 'Plataforma ojalillo', '', 1, 1, 119900, 'pza', 2, 1, 16, 19, '2018-10-15 14:17:00', 1),
(180, NULL, '', 'Plataforma ojalillo', '', 1, 1, 119900, 'pza', 2, 1, 16, 20, '2018-10-15 14:19:00', 1),
(181, NULL, '', 'Plataforma ojalillo', '', 1, 1, 119900, 'pza', 2, 1, 16, 21, '2018-10-15 14:19:00', 1),
(182, NULL, '', 'Plataforma ojalillo', '', 1, 1, 119900, 'pza', 7, 1, 16, 22, '2018-10-15 14:20:00', 1),
(183, NULL, '', 'Plataforma Palm Spring', '', 1, 1, 89900, 'pza', 6, 1, 16, 19, '2018-10-15 14:20:00', 1),
(184, NULL, '', 'Plataforma Palm Spring', '', 1, 1, 89900, 'pza', 6, 1, 16, 20, '2018-10-15 14:21:00', 1),
(185, NULL, '', 'Plataforma Palm Spring', '', 1, 1, 89900, 'pza', 6, 1, 16, 21, '2018-10-15 14:21:00', 1),
(186, NULL, '', 'Plataforma Palm Spring', '', 1, 1, 89900, 'pza', 21, 1, 16, 22, '2018-10-15 14:22:00', 1),
(187, NULL, '', 'Plataforma Palm Spring', '', 1, 1, 89900, 'pza', 21, 1, 16, 19, '2018-10-15 14:22:00', 1),
(188, NULL, '', 'Plataforma Palm Spring', '', 1, 1, 89900, 'pza', 21, 1, 16, 20, '2018-10-15 14:24:00', 1),
(189, NULL, '', 'Plataforma Palm Spring', '', 1, 1, 89900, 'pza', 22, 1, 16, 22, '2018-10-15 14:27:00', 1),
(190, NULL, '', 'Plataforma Palm Spring', '', 1, 1, 89900, 'pza', 22, 1, 16, 19, '2018-10-15 14:28:00', 1),
(191, NULL, '', 'Plataforma Palm Spring', '', 1, 1, 89900, 'pza', 22, 1, 16, 20, '2018-10-15 14:28:00', 1),
(192, NULL, '', 'Plataforma Palm Spring', '', 1, 1, 89900, 'pza', 17, 1, 16, 19, '2018-10-15 14:29:00', 1),
(193, NULL, '', 'Plataforma Palm Spring', '', 1, 1, 89900, 'pza', 17, 1, 16, 20, '2018-10-15 14:29:00', 1),
(194, NULL, '', 'Sandalia Red Leather', '', 1, 1, 65000, 'pza', 11, 1, 17, 22, '2018-10-15 14:30:00', 1),
(195, NULL, '', 'Sandalia Red Leather', '', 1, 1, 65000, 'pza', 11, 1, 17, 19, '2018-10-15 14:32:00', 1),
(196, NULL, '', 'Sandalia Talipei', '', 1, 1, 65000, 'pza', 17, 1, 17, 20, '2018-10-15 14:33:00', 1),
(197, NULL, '', 'Sandalia Gold', '', 1, 1, 65000, 'pza', 23, 1, 17, 19, '2018-10-15 14:33:00', 1),
(198, NULL, '', 'Sandalia Gold', '', 1, 1, 65000, 'pza', 23, 1, 17, 20, '2018-10-15 14:34:00', 1),
(199, NULL, '', 'Jean letra bordada Coco', '', 1, 1, 129900, 'pza', 18, 1, 6, 10, '2018-10-15 14:35:00', 1),
(200, NULL, '', 'Jean Tita', '', 1, 1, 129900, 'pza', 2, 1, 6, 10, '2018-10-15 14:36:00', 1),
(201, NULL, '', 'Jean Victoria engomado', '', 1, 1, 139900, 'pza', 7, 1, 6, 10, '2018-10-15 14:36:00', 1),
(202, NULL, '', 'Short lino amatista', '', 1, 1, 99900, 'pza', 17, 1, 1, 14, '2018-10-15 14:38:00', 1),
(203, NULL, '', 'Short lino amatista', '', 1, 1, 99900, 'pza', 16, 1, 1, 14, '2018-10-15 14:38:00', 1),
(204, NULL, '', 'Camiseta basic Ella', '', 1, 1, 49900, 'pza', 20, 1, 15, 14, '2018-10-15 14:39:00', 1),
(205, NULL, '', 'Camiseta basic Ella', '', 1, 1, 49900, 'pza', 6, 1, 15, 14, '2018-10-15 14:40:00', 1),
(206, NULL, '', 'Blusa peplum dos tonos', '', 1, 1, 89900, 'pza', 7, 1, 4, 4, '2018-10-15 20:18:00', 1),
(207, NULL, '', 'Blusa peplum dos tonos', '', 1, 1, 89900, 'pza', 7, 1, 4, 3, '2018-10-15 20:19:00', 1),
(208, NULL, '', 'Set lino gales', '', 1, 1, 129900, 'pza', 17, 1, 3, 14, '2018-10-15 20:20:00', 1),
(209, NULL, '', 'Short flower rosa', '', 1, 1, 79900, 'pza', 6, 1, 1, 2, '2018-10-15 20:21:00', 1),
(210, NULL, '', 'Short flower rosa', '', 1, 1, 79900, 'pza', 6, 1, 1, 3, '2018-10-15 20:22:00', 1),
(211, NULL, '', 'Short flower rosa', '', 1, 1, 79900, 'pza', 6, 1, 1, 4, '2018-10-15 20:22:00', 1),
(212, NULL, '', 'Vestido estampado spring', '', 1, 1, 119900, 'pza', 11, 1, 10, 4, '2018-10-18 02:40:00', 1),
(213, NULL, '', 'Blusa rock Glam', '', 1, 1, 55000, 'pza', 26, 1, 4, 14, '2018-10-18 08:39:57', 1),
(214, NULL, '', 'Top princesa', '', 1, 1, 55900, 'pza', 6, 1, 5, 2, '2018-10-18 08:58:55', 1),
(215, NULL, '', 'Top princesa', '', 1, 1, 55900, 'pza', 6, 1, 5, 3, '2018-10-18 08:59:35', 1),
(216, NULL, '', 'Top princesa', '', 1, 1, 55900, 'pza', 6, 1, 5, 4, '2018-10-18 09:00:14', 1),
(217, NULL, '', 'Top princesa', '', 1, 1, 55900, 'pza', 16, 1, 5, 3, '2018-10-18 09:02:27', 1),
(218, NULL, '', 'Top princesa', '', 1, 1, 55900, 'pza', 16, 1, 5, 4, '2018-10-18 09:02:54', 1),
(219, NULL, '', 'Top princesa', '', 1, 1, 55900, 'pza', 7, 1, 5, 2, '2018-10-18 09:03:45', 1),
(220, NULL, '', 'Top princesa', '', 1, 1, 55900, 'pza', 7, 1, 5, 3, '2018-10-18 09:04:15', 1),
(221, NULL, '', 'Top princesa', '', 1, 1, 55900, 'pza', 7, 1, 5, 4, '2018-10-18 09:04:44', 1),
(228, NULL, '', 'Aretes canutillo', '', 1, 1, 45000, 'pza', 1, 1, 18, 14, '2018-10-18 09:41:33', 1),
(229, NULL, '', 'Aretes palma de iraca', '', 1, 1, 55000, 'pza', 1, 1, 18, 14, '2018-10-18 09:44:04', 1),
(230, NULL, '', 'Pulsera', '', 1, 1, 25000, 'pza', 1, 1, 21, 14, '2018-10-18 09:45:45', 1),
(231, NULL, '', 'Mochila guipure', '', 1, 1, 139900, 'pza', 1, 1, 19, 14, '2018-10-18 09:46:31', 1),
(232, NULL, '', 'Bolso yoyo', '', 1, 1, 89900, 'pza', 1, 1, 20, 14, '2018-10-18 09:47:07', 1),
(233, NULL, '', 'Bolso minicanasta', '', 1, 1, 149900, 'pza', 1, 1, 20, 14, '2018-10-18 09:47:44', 1),
(234, NULL, '', 'Bolso ovalado turquesa', '', 1, 1, 139900, 'pza', 1, 1, 20, 14, '2018-10-18 09:48:32', 1),
(235, NULL, '', 'Aretes murano', '', 1, 1, 40000, 'pza', 17, 1, 18, 14, '2018-10-20 13:06:59', 1),
(236, NULL, '', 'Collar estrella de mar', '', 1, 1, 115000, 'pza', 17, 1, 22, 14, '2018-10-20 13:08:17', 1),
(237, NULL, '', 'Collar borda verde', '', 1, 1, 125000, 'pza', 17, 1, 22, 14, '2018-10-20 13:09:14', 1),
(238, NULL, '', 'Collar hoja perla', '', 1, 1, 120000, 'pza', 6, 1, 22, 14, '2018-10-20 13:10:02', 1),
(239, NULL, '', 'falda tubo', 'denin', 1, 34600, 95000, 'pza', 2, 1, 2, 23, '2018-10-21 15:55:17', 1),
(240, NULL, '', 'falda tubo', 'denin', 1, 34600, 95000, 'pza', 2, 1, 2, 22, '2018-10-21 15:56:38', 1),
(241, NULL, '', 'falda tubo', 'denin', 1, 34600, 95000, 'pza', 2, 1, 2, 20, '2018-10-21 15:57:17', 1),
(242, NULL, '', 'falda tubo', 'denin', 1, 34600, 95000, 'pza', 2, 1, 2, 25, '2018-10-21 15:57:52', 1),
(246, NULL, '', 'Arete flor palma de iraca', '', 1, 21000, 45000, 'pza', 5, 1, 18, 14, '2018-10-22 14:47:41', 1),
(249, NULL, '', 'Shoker', '', 1, 1, 28000, 'pza', 5, 1, 22, 14, '2018-10-24 18:12:46', 1),
(250, NULL, '', 'Vestido red love', '', 1, 1, 159900, 'pza', 7, 1, 10, 1, '2018-10-25 17:23:57', 1),
(251, NULL, '', 'Vestido red love', '', 1, 1, 159900, 'pza', 7, 1, 10, 2, '2018-10-25 17:24:25', 1),
(252, NULL, '', 'Vestido red love', '', 1, 1, 159900, 'pza', 7, 1, 10, 3, '2018-10-25 17:24:48', 1),
(253, NULL, '', 'Bluson popelina', '', 1, 1, 79900, 'pza', 16, 1, 9, 1, '2018-10-25 17:25:35', 1),
(254, NULL, '', 'Bluson popelina', '', 1, 1, 79900, 'pza', 16, 1, 9, 2, '2018-10-25 17:25:58', 1),
(255, NULL, '', 'Bluson popelina', '', 1, 1, 79900, 'pza', 16, 1, 9, 3, '2018-10-25 17:26:27', 1),
(256, NULL, '', 'Falda short sand', '', 1, 1, 139900, 'pza', 27, 1, 2, 1, '2018-10-25 17:28:16', 1),
(257, NULL, '', 'Falda short sand', '', 1, 1, 139900, 'pza', 27, 1, 2, 2, '2018-10-25 17:28:42', 1),
(258, NULL, '', 'Falda short sand', '', 1, 1, 139900, 'pza', 27, 1, 2, 3, '2018-10-25 17:29:06', 1),
(259, NULL, '', 'Blusa nacar', '', 1, 1, 99900, 'pza', 7, 1, 4, 1, '2018-10-25 17:29:58', 1),
(260, NULL, '', 'Blusa nacar', '', 1, 1, 99900, 'pza', 7, 1, 4, 2, '2018-10-25 17:30:17', 1),
(261, NULL, '', 'Blusa nacar', '', 1, 1, 99900, 'pza', 7, 1, 4, 3, '2018-10-25 17:30:36', 1),
(262, NULL, '', 'Pantalon punta de roma', '', 1, 1, 139900, 'pza', 16, 1, 14, 1, '2018-10-25 17:31:39', 1),
(263, NULL, '', 'Pantalon punta de roma', '', 1, 1, 139900, 'pza', 16, 1, 14, 2, '2018-10-25 17:31:59', 1),
(264, NULL, '', 'Pantalon punta de roma', '', 1, 1, 139900, 'pza', 16, 1, 14, 3, '2018-10-25 17:32:16', 1),
(265, NULL, '', 'Bluson lino olan', '', 1, 1, 139900, 'pza', 7, 1, 9, 1, '2018-10-25 17:32:58', 1),
(266, NULL, '', 'Bluson lino olan', '', 1, 1, 139900, 'pza', 7, 1, 9, 2, '2018-10-25 17:33:24', 1),
(267, NULL, '', 'Bluson lino olan', '', 1, 1, 139900, 'pza', 7, 1, 9, 3, '2018-10-25 17:33:53', 1),
(268, NULL, '', 'Top rose', '', 1, 1, 95900, 'pza', 24, 1, 5, 1, '2018-10-25 17:34:31', 1),
(269, NULL, '', 'Top rose', '', 1, 1, 95900, 'pza', 24, 1, 5, 2, '2018-10-25 17:35:04', 1),
(270, NULL, '', 'Top rose', '', 1, 1, 95900, 'pza', 24, 1, 5, 3, '2018-10-25 17:35:31', 1),
(271, NULL, '', 'bolso ovalo flor', '', 1, 60000, 149900, 'pza', 5, 1, 20, 14, '2018-10-26 13:43:14', 1),
(272, NULL, '', 'baul negro', '', 1, 65000, 169900, 'pza', 16, 1, 20, 14, '2018-10-26 13:45:47', 1),
(273, NULL, '', 'Bolso Playero Flowers', '', 1, 90000, 199900, 'pza', 24, 1, 20, 14, '2018-10-26 13:47:00', 1),
(274, NULL, '', 'Sandalia red leather', '', 1, 1, 65000, 'pza', 11, 1, 17, 20, '2018-10-28 15:40:03', 1),
(276, NULL, '', 'CAMISETA SHINE', 'ESCARCHA', 1, 19000, 49900, 'pza', 4, 1, 15, 14, '2018-11-03 16:23:31', 1),
(277, NULL, '', 'Arete crochet', '', 1, 16000, 49900, 'pza', 28, 1, 18, 14, '2018-11-07 15:28:02', 1),
(278, NULL, '', 'Arete palma de iraca borla', '', 1, 23000, 59900, 'pza', 28, 1, 18, 14, '2018-11-07 15:28:54', 1),
(279, NULL, '', 'Shoker ', '', 1, 15000, 49900, 'pza', 28, 1, 22, 14, '2018-11-07 15:30:02', 1),
(280, NULL, '', 'Arete canutillo dorado', '', 1, 16000, 42900, 'pza', 28, 1, 18, 14, '2018-11-07 15:30:38', 1),
(281, NULL, '', 'Short  basic', '', 1, 35000, 89900, 'pza', 7, 1, 1, 2, '2018-11-07 15:32:56', 1),
(282, NULL, '', 'Short  basic', '', 1, 35000, 89900, 'pza', 7, 1, 1, 3, '2018-11-07 15:33:31', 1),
(283, NULL, '', 'Short  basic', '', 1, 35000, 89900, 'pza', 1, 1, 1, 2, '2018-11-07 15:34:16', 1),
(284, NULL, '', 'Short  basic', '', 1, 35000, 89900, 'pza', 1, 1, 1, 3, '2018-11-07 15:34:50', 1),
(286, NULL, '', 'Culotte estampado', '', 1, 44000, 119900, 'pza', 28, 1, 14, 2, '2018-11-07 15:41:49', 1),
(287, NULL, '', 'Culotte estampado', '', 1, 44000, 119900, 'pza', 28, 1, 14, 3, '2018-11-07 15:42:20', 1),
(290, NULL, '', 'Blusa rib', '', 1, 19000, 49900, 'pza', 28, 1, 4, 14, '2018-11-07 15:44:52', 1),
(291, NULL, '', 'Vestido volado tachas', '', 1, 57300, 149900, 'pza', 2, 1, 10, 2, '2018-11-07 15:46:52', 1),
(292, NULL, '', 'Vestido volado tachas', '', 1, 57300, 149900, 'pza', 2, 1, 10, 3, '2018-11-07 15:48:21', 1),
(293, NULL, '', 'Kimono hindue', '', 1, 63200, 179900, 'pza', 5, 1, 23, 14, '2018-11-07 15:49:53', 1),
(294, NULL, '', 'Blusa malla duo', '', 1, 43400, 129900, 'pza', 7, 1, 4, 14, '2018-11-07 15:50:44', 1),
(295, NULL, '', 'Blusa saco ELLA', '', 1, 33200, 95000, 'pza', 7, 1, 4, 2, '2018-11-07 15:51:51', 1),
(296, NULL, '', 'Blusa saco ELLA', '', 1, 33200, 95000, 'pza', 16, 1, 4, 2, '2018-11-07 15:52:54', 1),
(297, NULL, '', 'Blusa saco ELLA', '', 1, 33200, 95000, 'pza', 16, 1, 4, 3, '2018-11-07 15:53:21', 1),
(298, NULL, '', 'Blusa oxford canutillo', '', 1, 49100, 159900, 'pza', 17, 1, 4, 14, '2018-11-07 15:55:31', 1),
(299, NULL, '', 'Falda ojales white', '', 1, 1, 119900, 'pza', 7, 1, 2, 4, '2018-11-07 15:58:17', 1),
(300, NULL, '', 'Falda jean black', '', 1, 1, 129900, 'pza', 16, 1, 2, 25, '2018-11-07 15:59:18', 1),
(301, NULL, '', 'Pantalon blanco guipure', '', 1, 33500, 149900, 'pza', 7, 1, 14, 2, '2018-11-07 16:00:55', 1),
(302, NULL, '', 'Pantalon blanco guipure', '', 1, 33500, 149900, 'pza', 7, 1, 14, 3, '2018-11-07 16:01:27', 1),
(303, NULL, '', 'Falda camuflada', '', 1, 33800, 125000, 'pza', 28, 1, 2, 23, '2018-11-07 16:02:26', 1),
(304, NULL, '', 'Falda camuflada', '', 1, 33800, 125000, 'pza', 28, 1, 2, 22, '2018-11-07 16:02:56', 1),
(305, NULL, '', 'Falda camuflada', '', 1, 33800, 125000, 'pza', 28, 1, 2, 20, '2018-11-07 16:03:23', 1),
(306, NULL, '', 'Falda camuflada', '', 1, 33800, 125000, 'pza', 28, 1, 2, 25, '2018-11-07 16:03:50', 1),
(307, NULL, '', 'Falda camuflada', '', 1, 33800, 125000, 'pza', 28, 1, 2, 26, '2018-11-07 16:04:55', 1),
(308, NULL, '', 'Pantalon lino rayas', '', 1, 50400, 139900, 'pza', 28, 1, 14, 22, '2018-11-07 16:06:02', 1),
(309, NULL, '', 'Pantalon lino rayas', '', 1, 50400, 139900, 'pza', 28, 1, 14, 20, '2018-11-07 16:06:27', 1),
(310, NULL, '', 'Pantalon lino rayas', '', 1, 50400, 139900, 'pza', 28, 1, 14, 25, '2018-11-07 16:06:56', 1),
(311, NULL, '', 'Camisa gasa black', '', 1, 40200, 119900, 'pza', 16, 1, 11, 14, '2018-11-07 16:07:50', 1),
(312, NULL, '', 'Blusa blonda dorado', '', 1, 26400, 95000, 'pza', 28, 1, 4, 14, '2018-11-07 16:09:12', 1),
(313, NULL, '', 'Pantalon elite', '', 1, 48200, 119900, 'pza', 7, 1, 14, 2, '2018-11-08 13:50:26', 1),
(314, NULL, '', 'Pantalon elite', '', 1, 48200, 119900, 'pza', 7, 1, 14, 3, '2018-11-08 13:50:53', 1),
(315, NULL, '', 'Pantalon elite', '', 1, 48200, 119900, 'pza', 7, 1, 14, 4, '2018-11-08 13:51:15', 1),
(316, NULL, '', 'Pantalon elite', '', 1, 48200, 119900, 'pza', 16, 1, 14, 2, '2018-11-08 13:53:31', 1),
(317, NULL, '', 'Pantalon elite', '', 1, 48200, 119900, 'pza', 16, 1, 14, 3, '2018-11-08 13:53:52', 1),
(318, NULL, '', 'Pantalon elite', '', 1, 48200, 119900, 'pza', 16, 1, 14, 4, '2018-11-08 13:54:12', 1),
(319, NULL, '', 'Pantalon dackar', '', 1, 1, 40000, 'pza', 28, 1, 14, 27, '2018-11-08 13:56:28', 1),
(320, NULL, '', 'Set rayas office', '', 1, 1, 116900, 'pza', 16, 1, 3, 4, '2018-11-08 13:58:34', 1),
(321, NULL, '', 'Blusa malla gold', '', 1, 1, 63000, 'pza', 23, 1, 4, 2, '2018-11-08 14:00:13', 1),
(322, NULL, '', 'Jean detroit', '', 1, 1, 101250, 'pza', 28, 1, 6, 27, '2018-11-08 14:01:06', 1),
(323, NULL, '', 'Vestido brown', '', 1, 1, 61750, 'pza', 28, 1, 10, 27, '2018-11-08 14:01:47', 1),
(324, NULL, '', 'Vestido print orange', '', 1, 1, 112000, 'pza', 28, 1, 10, 3, '2018-11-08 14:02:56', 1),
(325, NULL, '', 'Short deep blue', '', 1, 1, 67900, 'pza', 2, 1, 1, 4, '2018-11-08 14:03:42', 1),
(326, NULL, '', 'Vestido pink', '', 1, 1, 76400, 'pza', 24, 1, 10, 2, '2018-11-08 14:04:24', 1),
(327, NULL, '', 'Short Victorina', '', 1, 1, 62900, 'pza', 28, 1, 1, 4, '2018-11-08 14:06:54', 1),
(328, NULL, '', 'Pava palma de iraca', '', 1, 50000, 110000, 'pza', 5, 1, 24, 14, '2018-11-11 12:39:07', 1),
(329, NULL, '', 'pantalon sand beige', '', 1, 48000, 139900, 'pza', 17, 1, 14, 3, '2018-11-12 09:56:07', 1),
(330, NULL, '', 'pantalon sand beige', '', 1, 48000, 139900, 'pza', 17, 1, 14, 4, '2018-11-12 09:56:58', 1),
(332, NULL, '', 'camisa nacar volados', '', 1, 47000, 139900, 'pza', 7, 1, 11, 3, '2018-11-12 10:00:31', 1),
(334, NULL, '', 'vestido ojalillo plus', '', 1, 70000, 179900, 'pza', 16, 1, 10, 2, '2018-11-12 10:09:04', 1),
(335, NULL, '', 'vestido ojalillo plus', '', 1, 70000, 179900, 'pza', 16, 1, 10, 3, '2018-11-12 10:09:43', 1),
(336, NULL, '', 'vestido ojalillo plus', '', 1, 70000, 179900, 'pza', 16, 1, 10, 4, '2018-11-12 10:10:26', 1),
(337, NULL, '', 'vestido brusse estampado', '', 1, 58200, 169900, 'pza', 28, 1, 10, 2, '2018-11-12 10:15:28', 1),
(338, NULL, '', 'vestido brusse estampado', '', 1, 58200, 169900, 'pza', 28, 1, 10, 3, '2018-11-12 10:16:38', 1),
(340, NULL, '', 'vestido brusse estampado', '', 1, 58200, 169900, 'pza', 28, 1, 10, 4, '2018-11-12 10:18:17', 1),
(341, NULL, '', 'talego flores chic', '', 1, 46500, 139900, 'pza', 29, 1, 25, 2, '2018-11-12 10:23:21', 1),
(342, NULL, '', 'talego flores chic', '', 1, 46500, 139900, 'pza', 29, 1, 25, 3, '2018-11-12 10:24:00', 1),
(343, NULL, '', 'talego flores chic', '', 1, 46500, 139900, 'pza', 29, 1, 25, 4, '2018-11-12 10:25:02', 1),
(344, NULL, '', 'jumpsuit blacky', '', 1, 83000, 189900, 'pza', 16, 1, 12, 3, '2018-11-15 12:59:27', 1),
(345, NULL, '', 'jumpsuit blacky', '', 1, 83000, 189900, 'pza', 16, 1, 12, 4, '2018-11-15 13:01:42', 1),
(346, NULL, '', 'jumpsuit whity', '', 1, 83000, 189900, 'pza', 7, 1, 12, 3, '2018-11-15 13:03:09', 1);

TRUNCATE TABLE `sell`;
INSERT INTO `sell` (`id`, `person_id`, `user_id`, `operation_type_id`, `box_id`, `created_at`, `tipo_pago`, `monto_e`, `monto_t`, `seller`) VALUES
(3, 2, 1, 2, 2, '2018-10-17 05:40:03', 'E', 169900, 0, 0),
(4, 2, 1, 2, 2, '2018-10-18 13:58:50', 'E', 55000, 0, 0),
(5, 2, 1, 2, 2, '2018-10-18 14:10:02', 'E', 1578100, 0, 0),
(6, 2, 1, 2, 2, '2018-10-18 14:56:20', 'E', 302900, 0, 0),
(7, 2, 1, 2, 3, '2018-10-19 16:13:16', 'E', 159900, 0, 0),
(8, 2, 1, 2, 3, '2018-10-19 16:41:15', 'E', 115000, 0, 0),
(9, 2, 1, 2, 3, '2018-10-19 16:43:21', 'E', 149900, 0, 0),
(11, 2, 1, 2, 3, '2018-10-19 16:55:14', 'E', 109900, 0, 0),
(12, 2, 1, 2, 3, '2018-10-19 17:00:02', 'E', 89900, 0, 0),
(13, 2, 1, 2, 3, '2018-10-19 17:07:41', 'E', 125000, 0, 0),
(14, 2, 1, 2, 3, '2018-10-19 17:09:05', 'E', 129900, 0, 0),
(15, 2, 1, 2, 3, '2018-10-19 17:15:19', 'E', 109900, 0, 0),
(16, 2, 1, 2, 3, '2018-10-19 17:19:22', 'E', 115000, 0, 0),
(18, 2, 1, 2, 3, '2018-10-19 17:21:47', 'E', 118000, 0, 0),
(20, 2, 1, 2, 3, '2018-10-19 20:24:45', 'E', 40000, 0, 0),
(21, 2, 1, 2, 3, '2018-10-19 20:25:39', 'T', 0, 55000, 0),
(22, 4, 1, 2, 4, '2018-10-20 21:17:00', 'T', 0, 167900, 0),
(23, 5, 1, 2, 4, '2018-10-20 21:33:59', 'E', 129900, 0, 0),
(24, 6, 1, 2, 4, '2018-10-20 22:27:28', 'T', 0, 323900, 0),
(25, 6, 1, 2, 4, '2018-10-20 22:36:11', 'T', 0, 55000, 0),
(26, 7, 1, 2, 4, '2018-10-20 23:07:21', 'E', 65000, 0, 0),
(27, 7, 1, 2, 4, '2018-10-20 23:09:07', 'E', 0, 0, 0),
(28, 11, 1, 2, 5, '2018-10-21 16:11:41', 'T', 0, 119900, 0),
(29, 12, 1, 2, 5, '2018-10-21 16:12:33', 'T', 0, 55000, 0),
(30, 8, 1, 2, 5, '2018-10-21 18:11:02', 'E', 129900, 0, 0),
(31, 13, 1, 2, 5, '2018-10-21 20:34:56', 'T', 0, 247900, 0),
(32, NULL, 1, 2, 5, '2018-10-21 21:26:45', 'T', 0, 129900, 0),
(33, 8, 1, 2, 5, '2018-10-21 23:56:35', 'E', 129900, 0, 0),
(34, NULL, 1, 2, 5, '2018-10-21 19:44:00', 'T', 0, 614500, 0),
(35, NULL, 1, 2, 6, '2018-10-22 09:46:20', 'T', 0, 115000, 0),
(36, 2, 1, 2, 2, '2018-10-18 00:00:00', 'E', 79900, 0, 0),
(37, 17, 1, 2, 6, '2018-10-22 00:00:00', 'E', 200000, 0, 0),
(38, 3, 1, 1, NULL, '2018-10-22 00:00:00', 'E', 8, 0, 0),
(39, 19, 1, 2, 7, '2018-10-23 00:00:00', 'E', 259800, 0, 0),
(40, 20, 1, 2, 7, '2018-10-23 00:00:00', 'E', 151000, 0, 0),
(41, 21, 1, 2, 8, '2018-10-24 00:00:00', 'T', 0, 274800, 0),
(42, 12, 1, 2, 8, '2018-10-24 00:00:00', 'E', 0, 135000, 0),
(43, 23, 1, 2, 8, '2018-10-24 00:00:00', 'E', 50000, 0, 0),
(44, 24, 1, 2, 8, '2018-10-24 00:00:00', 'E', 139900, 0, 0),
(45, NULL, 1, 2, 8, '2018-10-24 00:00:00', 'E', 55000, 0, 0),
(46, NULL, 1, 2, 8, '2018-10-24 00:00:00', 'E', 119900, 0, 0),
(47, 25, 1, 2, 8, '2018-10-24 00:00:00', 'T', 0, 414900, 0),
(48, 26, 1, 2, 8, '2018-10-24 00:00:00', 'T', 0, 229800, 0),
(49, 27, 1, 2, 8, '2018-10-24 00:00:00', 'E', 139900, 0, 0),
(50, 28, 1, 2, 8, '2018-10-24 00:00:00', 'T', 0, 28000, 0),
(51, 8, 1, 2, 9, '2018-10-25 05:33:08', 'T', 0, 95000, 0),
(52, 29, 1, 2, 9, '2018-10-25 07:21:01', 'E', 174900, 0, 0),
(53, 30, 1, 1, NULL, '2018-10-26 00:00:00', 'E', 1, 0, 0),
(54, 30, 1, 1, NULL, '2018-10-26 00:00:00', 'E', 1, 0, 0),
(55, 30, 1, 1, NULL, '2018-10-26 00:00:00', 'E', 2, 0, 0),
(56, 32, 1, 2, 10, '2018-10-26 03:26:10', 'T', 0, 179800, 0),
(57, 31, 1, 2, 10, '2018-10-26 03:41:12', 'T', 0, 379700, 0),
(58, 33, 1, 1, NULL, '2018-10-26 00:00:00', 'E', 3, 0, 0),
(59, NULL, 1, 2, 10, '2018-10-26 05:59:11', 'T', 0, 254900, 0),
(60, NULL, 1, 2, 10, '2018-10-26 06:15:13', 'T', 0, 139900, 0),
(61, 34, 1, 2, 10, '2018-10-26 06:20:45', 'T', 0, 244900, 0),
(62, 35, 1, 2, 10, '2018-10-26 06:55:29', 'T', 0, 55900, 0),
(63, 8, 1, 2, 10, '2018-10-26 07:12:55', 'E', 129900, 0, 0),
(64, 36, 1, 2, 10, '2018-10-26 07:33:57', 'T', 0, 135000, 0),
(65, 37, 1, 2, 10, '2018-10-26 07:48:11', 'E', 125000, 0, 0),
(66, 38, 1, 2, 10, '2018-10-26 08:05:22', 'T', 0, 55900, 0),
(67, 22, 1, 2, 11, '2018-10-27 10:50:34', 'E', 49900, 0, 0),
(68, 39, 1, 2, 11, '2018-10-27 12:40:43', 'E', 95000, 0, 0),
(69, 40, 1, 2, 11, '2018-10-27 03:37:49', 'T', 0, 304800, 0),
(70, 41, 1, 2, 11, '2018-10-27 04:21:22', 'E', 89900, 0, 0),
(71, 42, 1, 2, 11, '2018-10-27 04:45:32', 'T', 0, 139900, 0),
(72, 43, 1, 2, 11, '2018-10-27 07:49:59', 'T', 0, 329700, 0),
(73, 44, 1, 2, 12, '2018-10-28 12:44:59', 'T', 0, 135000, 0),
(74, 44, 1, 2, 12, '2018-10-28 12:50:18', 'T', 0, 99900, 0),
(75, NULL, 1, 2, 12, '2018-10-28 02:12:48', 'E', 119900, 0, 0),
(76, 46, 1, 2, 13, '2018-10-29 03:30:36', 'T', 0, 129900, 0),
(77, 47, 1, 2, 13, '2018-10-29 06:09:07', 'E', 519700, 0, 0),
(78, 29, 1, 2, 14, '2018-10-30 09:48:27', 'E', 115000, 0, 0),
(79, 49, 1, 2, 14, '2018-10-30 02:14:14', 'T', 0, 659700, 0),
(80, 50, 1, 2, 14, '2018-10-30 04:51:56', 'E', 169900, 0, 0),
(81, NULL, 1, 2, 14, '2018-10-30 08:04:10', 'E', 479700, 0, 0),
(82, 52, 1, 2, 15, '2018-10-31 05:27:34', 'T', 0, 89900, 0),
(83, 53, 1, 2, 15, '2018-10-31 05:55:27', 'T', 0, 119900, 0),
(84, 53, 1, 2, 15, '2018-10-31 05:57:57', 'T', 0, 55000, 0),
(85, 54, 1, 2, 16, '2018-11-01 10:04:07', 'T', 0, 45000, 0),
(86, 55, 1, 2, 16, '2018-11-01 01:55:47', 'E', 115000, 0, 0),
(87, 48, 1, 2, 16, '2018-11-01 02:58:19', 'E', 274900, 0, 0),
(88, 57, 1, 2, 16, '2018-11-01 07:40:28', 'T', 0, 159900, 0),
(89, 58, 1, 2, 17, '2018-11-02 01:30:34', 'E', 99000, 0, 0),
(90, 8, 1, 2, 17, '2018-11-02 03:09:12', 'E', 144900, 0, 0),
(91, 59, 1, 2, 17, '2018-11-02 04:48:08', 'E', 75000, 0, 0),
(92, 12, 1, 2, 17, '2018-11-02 06:15:20', 'E', 55000, 0, 0),
(93, 20, 1, 2, 17, '2018-11-02 06:20:57', 'T', 0, 80000, 0),
(94, 62, 1, 2, 17, '2018-11-02 06:26:50', 'T', 0, 139900, 0),
(95, 63, 1, 2, 17, '2018-11-02 06:52:48', 'T', 0, 1174300, 0),
(96, 40, 1, 2, 18, '2018-11-03 12:25:35', 'T', 0, 314800, 0),
(97, 64, 1, 2, 18, '2018-11-03 01:07:47', 'E', 119900, 0, 0),
(98, 65, 1, 2, 18, '2018-11-03 01:57:10', 'T', 0, 309700, 0),
(99, 66, 1, 2, 18, '2018-11-03 03:24:35', 'T', 0, 59900, 0),
(100, 67, 1, 2, 18, '2018-11-03 05:43:29', 'E', 129900, 0, 0),
(101, 5, 1, 2, 18, '2018-11-03 05:44:46', 'E', 119900, 0, 0),
(102, 6, 1, 2, 19, '2018-11-04 11:48:30', 'T', 0, 404800, 0),
(103, 50, 1, 2, 20, '2018-11-06 09:59:23', 'E', 105000, 0, 0),
(105, 69, 1, 2, 20, '2018-11-06 03:57:45', 'E', 174900, 0, 0),
(116, 49, 1, 4, NULL, '2018-11-06 05:35:42', 'E', 39900, 0, 0),
(117, 49, 1, 3, NULL, '2018-11-06 05:35:42', 'C', 0, 0, 0),
(118, 70, 1, 2, 20, '2018-11-06 06:13:03', 'T', 0, 49900, 0),
(119, 3, 1, 1, NULL, '2018-11-06 00:00:00', 'E', 1, 0, 0),
(120, 71, 1, 2, 20, '2018-11-06 07:16:08', 'T', 0, 249800, 0),
(121, 72, 1, 2, 20, '2018-11-06 08:01:44', 'E', 65000, 0, 0),
(122, 73, 1, 2, 20, '2018-11-06 08:10:35', 'T', 0, 129900, 0),
(123, 74, 1, 2, 21, '2018-11-07 02:34:52', 'E', 135000, 0, 0),
(124, 8, 1, 2, 21, '2018-11-07 02:36:50', 'E', 139900, 0, 0),
(125, 3, 1, 1, NULL, '2018-11-07 00:00:00', 'E', 1, 0, 0),
(135, 75, 1, 2, 22, '2018-11-08 09:47:22', 'T', 0, 109900, 0),
(136, 76, 1, 2, 22, '2018-11-08 12:52:12', 'E', 49900, 0, 0),
(137, 77, 1, 2, 22, '2018-11-08 01:02:25', 'E', 99900, 0, 0),
(138, 8, 1, 2, 22, '2018-11-08 06:16:51', 'E', 149900, 0, 0),
(139, 78, 1, 2, 22, '2018-11-08 07:06:31', 'M', 160700, 300000, 0),
(140, 80, 1, 2, 23, '2018-11-09 11:18:16', 'T', 0, 49900, 0),
(141, 80, 1, 2, 23, '2018-11-09 11:31:59', 'T', 0, 55000, 0),
(142, 81, 1, 2, 23, '2018-11-09 11:38:08', 'E', 364800, 0, 0),
(143, 82, 1, 2, 23, '2018-11-09 11:47:49', 'T', 0, 115000, 0),
(144, 83, 1, 2, 23, '2018-11-09 12:40:53', 'T', 0, 434600, 0),
(145, NULL, 1, 2, 23, '2018-11-09 01:51:30', 'E', 464800, 0, 0),
(146, 84, 1, 2, 23, '2018-11-09 04:22:57', 'T', 0, 406700, 0),
(147, 84, 1, 2, 23, '2018-11-09 04:26:11', 'T', 0, 125000, 0),
(148, 8, 1, 2, 23, '2018-11-09 05:01:33', 'E', 95000, 0, 0),
(149, 72, 1, 2, 23, '2018-11-09 06:50:09', 'T', 0, 139900, 0),
(150, 86, 1, 2, 23, '2018-11-09 07:14:28', 'E', 49900, 0, 0),
(151, NULL, 1, 2, 24, '2018-11-10 10:41:18', 'T', 0, 160000, 0),
(152, 88, 1, 2, 24, '2018-11-10 01:04:07', 'T', 0, 109900, 0),
(153, 76, 1, 2, 24, '2018-11-10 01:45:24', 'E', 49900, 0, 0),
(154, 89, 1, 2, 24, '2018-11-10 02:52:18', 'T', 0, 348800, 0),
(155, 90, 1, 2, 24, '2018-11-10 04:12:52', 'T', 0, 129900, 0),
(156, 91, 1, 2, 24, '2018-11-10 04:53:06', 'T', 0, 109900, 0),
(157, 92, 1, 2, 24, '2018-11-10 06:12:16', 'T', 0, 134900, 0),
(158, NULL, 1, 2, 24, '2018-11-10 06:25:12', 'T', 0, 89900, 0),
(159, 94, 1, 2, 24, '2018-11-10 06:50:49', 'T', 0, 135000, 0),
(160, 76, 1, 2, 24, '2018-11-10 07:08:38', 'T', 0, 55000, 0),
(161, NULL, 1, 2, 24, '2018-11-10 07:27:27', 'T', 0, 139800, 0),
(162, 96, 1, 2, 25, '2018-11-11 12:41:46', 'T', 0, 117650, 0),
(163, 97, 1, 5, 25, '2018-11-11 02:28:36', 'E', 100000, 0, 0),
(164, 98, 1, 2, 25, '2018-11-11 02:42:32', 'T', 0, 110000, 0),
(165, 99, 1, 2, 26, '2018-11-12 11:33:21', 'T', 0, 119900, 0),
(166, 100, 1, 2, 26, '2018-11-12 11:44:45', 'T', 0, 119900, 0),
(167, NULL, 1, 2, 26, '2018-11-12 03:23:33', 'T', 1247200, 0, 0),
(168, 6, 1, 2, 26, '2018-11-12 05:23:54', 'T', 0, 139900, 0),
(169, 6, 1, 2, 26, '2018-11-12 05:27:35', 'E', 119900, 0, 0),
(170, 102, 1, 2, 27, '2018-11-13 03:20:59', 'E', 49900, 0, 0),
(171, 102, 1, 2, 27, '2018-11-13 03:29:54', 'T', 0, 89900, 0),
(172, 103, 1, 5, 27, '2018-11-13 03:41:36', 'E', 60000, 0, 0),
(173, 104, 1, 2, 28, '2018-11-14 11:48:37', 'T', 0, 161900, 0),
(174, 105, 1, 2, 28, '2018-11-14 02:50:59', 'E', 189800, 0, 0),
(175, 106, 1, 2, 28, '2018-11-14 03:12:26', 'E', 150900, 0, 0),
(176, 105, 1, 2, 28, '2018-11-14 03:53:29', 'E', 99800, 0, 0),
(177, 107, 1, 2, 28, '2018-11-14 05:16:59', 'T', 0, 359700, 0),
(178, 108, 1, 2, 28, '2018-11-14 06:15:50', 'T', 0, 379600, 0),
(179, 109, 1, 2, 28, '2018-11-14 06:19:39', 'T', 0, 215800, 0),
(180, NULL, 1, 2, 29, '2018-11-14 08:02:54', 'T', 0, 59900, 0),
(181, 110, 1, 2, 29, '2018-11-14 08:10:38', 'M', 10000, 159900, 0),
(182, 48, 1, 2, 29, '2018-11-15 10:25:47', 'E', 179900, 0, 0),
(183, 111, 1, 2, 29, '2018-11-15 10:53:28', 'T', 0, 99900, 0),
(184, 112, 1, 2, 29, '2018-11-15 11:19:20', 'T', 0, 99900, 0),
(185, 113, 1, 2, 29, '2018-11-15 01:02:38', 'E', 135000, 0, 0),
(186, 114, 1, 2, 30, '2018-11-16 10:54:36', 'E', 61750, 0, 0),
(187, 115, 1, 2, 30, '2018-11-16 01:04:28', 'E', 115000, 0, 0),
(188, 116, 1, 2, 30, '2018-11-16 03:22:04', 'T', 0, 219800, 0),
(189, 20, 1, 2, 30, '2018-11-16 05:40:54', 'E', 119900, 0, 0),
(190, 64, 1, 2, 30, '2018-11-16 07:05:05', 'E', 49900, 0, 0),
(191, 117, 1, 2, 31, '2018-11-17 09:43:38', 'T', 0, 135000, 3),
(192, 118, 1, 2, 31, '2018-11-17 11:00:54', 'T', 0, 119900, 3),
(194, 115, 1, 2, 31, '2018-11-17 01:14:31', 'E', 144900, 0, 3),
(195, 120, 1, 2, 31, '2018-11-17 03:04:17', 'E', 159900, 0, 1),
(196, 119, 1, 2, 31, '2018-11-17 03:10:47', 'T', 0, 95000, 1),
(198, 26, 1, 2, 31, '2018-11-17 04:32:06', 'T', 0, 203600, 1),
(199, 20, 1, 2, 31, '2018-11-17 07:01:10', 'E', 164900, 0, 3),
(200, 121, 1, 2, 31, '2018-11-17 07:04:54', 'E', 89900, 0, 3),
(201, 122, 1, 2, 31, '2018-11-17 07:10:01', 'E', 45000, 0, 1),
(202, 20, 1, 5, 31, '2018-11-17 07:12:11', 'E', 70000, 0, 0);

TRUNCATE TABLE `tallas`;
INSERT INTO `tallas` (`id`, `image`, `name`, `description`, `created_at`) VALUES
(1, NULL, 'XS', '', '2018-10-15 04:30:52'),
(2, NULL, 'S', '', '2018-10-15 04:31:03'),
(3, NULL, 'M', '', '2018-10-15 04:31:13'),
(4, NULL, 'L', '', '2018-10-15 04:31:24'),
(5, NULL, 'XL', '', '2018-10-15 04:31:34'),
(6, NULL, '22', '', '2018-10-15 04:33:47'),
(7, NULL, '24', '', '2018-10-15 04:33:57'),
(8, NULL, '26', '', '2018-10-15 04:34:07'),
(9, NULL, '28', '', '2018-10-15 04:34:15'),
(10, NULL, '30', '', '2018-10-15 04:34:21'),
(11, NULL, '6', '', '2018-10-15 04:34:32'),
(12, NULL, '8', '', '2018-10-15 04:34:41'),
(13, NULL, '10', '', '2018-10-15 04:34:50'),
(14, NULL, 'U', '', '2018-10-15 08:20:27'),
(15, NULL, '1', '', '2018-10-15 11:14:15'),
(16, NULL, '3', '', '2018-10-15 11:14:22'),
(17, NULL, '5', '', '2018-10-15 11:14:29'),
(18, NULL, '2', '', '2018-10-15 14:08:17'),
(19, NULL, '37', '', '2018-10-15 14:08:40'),
(20, NULL, '38', '', '2018-10-15 14:08:48'),
(21, NULL, '39', '', '2018-10-15 14:08:56'),
(22, NULL, '36', '', '2018-10-15 14:09:19'),
(23, NULL, '34', '', '2018-10-21 15:51:44'),
(24, NULL, '38', '', '2018-10-21 15:51:56'),
(25, NULL, '40', '', '2018-10-21 15:52:04'),
(26, NULL, '42', '', '2018-11-07 16:04:28'),
(27, NULL, 'Variada', '', '2018-11-08 13:55:51');

TRUNCATE TABLE `user`;
INSERT INTO `user` (`id`, `name`, `lastname`, `username`, `email`, `password`, `image`, `is_active`, `is_admin`, `is_seller`, `created_at`) VALUES
(1, 'claudia', 'ardila', 'admin', 'admin', '90b9aa7e25f80cf4f64e990b78a9fc5ebd6cecad', NULL, 1, 1, 1, '2018-10-14 19:13:51'),
(2, 'Luis', 'Bohorquez', 'lbohorquez', 'luispit1000@gmail.com', '90b9aa7e25f80cf4f64e990b78a9fc5ebd6cecad', NULL, 1, 1, 0, '2018-10-15 12:19:22'),
(3, 'donna', 'martinez', '02', 'donna martinez', '90b9aa7e25f80cf4f64e990b78a9fc5ebd6cecad', NULL, 1, 0, 1, '2018-11-12 12:03:24');
SET FOREIGN_KEY_CHECKS = 1;